event-id,visible,timestamp,location-long,location-lat,comments,sensor-type,individual-taxon-canonical-name,tag-local-identifier,individual-local-identifier,study-name
12767010,TRUE,2000/10/30 0:02,16.528566,2.728535,21.5,gps,Loxodonta africana,#1819147,99,Forest Elephant Telemetry Programme
12767011,TRUE,2000/10/30 6:02,16.518697,2.75566,21.5,gps,Loxodonta africana,#1819147,99,Forest Elephant Telemetry Programme
12767012,TRUE,2000/10/30 12:02,16.518856,2.755179,25.5,gps,Loxodonta africana,#1819147,99,Forest Elephant Telemetry Programme
12767013,TRUE,2000/10/30 18:02,16.548477,2.766613,25.5,gps,Loxodonta africana,#1819147,99,Forest Elephant Telemetry Programme
12767014,TRUE,2000/10/31 0:03,16.598725,2.762454,24,gps,Loxodonta africana,#1819147,99,Forest Elephant Telemetry Programme
12767015,TRUE,2000/10/31 6:03,16.61746,2.726978,22,gps,Loxodonta africana,#1819147,99,Forest Elephant Telemetry Programme
12767016,TRUE,2000/10/31 12:02,16.616768,2.724455,25,gps,Loxodonta africana,#1819147,99,Forest Elephant Telemetry Programme
12767017,TRUE,2000/10/31 18:02,16.649349,2.727161,25,gps,Loxodonta africana,#1819147,99,Forest Elephant Telemetry Programme
12767018,TRUE,2000/11/1 0:01,16.681519,2.701609,22.5,gps,Loxodonta africana,#1819147,99,Forest Elephant Telemetry Programme
12767019,TRUE,2000/11/1 6:02,16.684636,2.700741,22.5,gps,Loxodonta africana,#1819147,99,Forest Elephant Telemetry Programme
12767020,TRUE,2000/11/2 6:02,16.692133,2.73106,21.5,gps,Loxodonta africana,#1819147,99,Forest Elephant Telemetry Programme
12767021,TRUE,2000/11/3 0:02,16.697337,2.737385,22,gps,Loxodonta africana,#1819147,99,Forest Elephant Telemetry Programme
12767022,TRUE,2000/11/3 6:02,16.694624,2.73518,21.5,gps,Loxodonta africana,#1819147,99,Forest Elephant Telemetry Programme
12767023,TRUE,2000/11/3 18:02,16.688541,2.702085,25,gps,Loxodonta africana,#1819147,99,Forest Elephant Telemetry Programme
12767024,TRUE,2000/11/4 0:02,16.698226,2.688863,23.5,gps,Loxodonta africana,#1819147,99,Forest Elephant Telemetry Programme
12767025,TRUE,2000/11/4 1:01,16.698668,2.689589,23,gps,Loxodonta africana,#1819147,99,Forest Elephant Telemetry Programme
12767026,TRUE,2000/11/4 2:01,16.698433,2.68978,22.5,gps,Loxodonta africana,#1819147,99,Forest Elephant Telemetry Programme
12767027,TRUE,2000/11/4 3:01,16.698254,2.689992,23,gps,Loxodonta africana,#1819147,99,Forest Elephant Telemetry Programme
12767028,TRUE,2000/11/4 4:01,16.700089,2.691467,22.5,gps,Loxodonta africana,#1819147,99,Forest Elephant Telemetry Programme
12767029,TRUE,2000/11/4 5:02,16.700512,2.692165,22,gps,Loxodonta africana,#1819147,99,Forest Elephant Telemetry Programme
12767030,TRUE,2000/11/4 6:01,16.702358,2.697711,21.5,gps,Loxodonta africana,#1819147,99,Forest Elephant Telemetry Programme
12767031,TRUE,2000/11/4 7:01,16.700431,2.70241,22,gps,Loxodonta africana,#1819147,99,Forest Elephant Telemetry Programme
12767032,TRUE,2000/11/4 8:02,16.700309,2.702469,22.5,gps,Loxodonta africana,#1819147,99,Forest Elephant Telemetry Programme
12767033,TRUE,2000/11/4 9:02,16.702198,2.704538,24,gps,Loxodonta africana,#1819147,99,Forest Elephant Telemetry Programme
12767034,TRUE,2000/11/4 10:03,16.702896,2.704141,25.5,gps,Loxodonta africana,#1819147,99,Forest Elephant Telemetry Programme
12767035,TRUE,2000/11/4 11:01,16.703279,2.704019,25.5,gps,Loxodonta africana,#1819147,99,Forest Elephant Telemetry Programme
12767036,TRUE,2000/11/4 18:02,16.700257,2.721796,25.5,gps,Loxodonta africana,#1819147,99,Forest Elephant Telemetry Programme
12767037,TRUE,2000/11/4 19:02,16.700292,2.724642,25,gps,Loxodonta africana,#1819147,99,Forest Elephant Telemetry Programme
12767038,TRUE,2000/11/4 20:02,16.699345,2.724127,24.5,gps,Loxodonta africana,#1819147,99,Forest Elephant Telemetry Programme
12767039,TRUE,2000/11/4 23:02,16.699088,2.724369,24,gps,Loxodonta africana,#1819147,99,Forest Elephant Telemetry Programme
12767040,TRUE,2000/11/5 1:02,16.698923,2.724003,24,gps,Loxodonta africana,#1819147,99,Forest Elephant Telemetry Programme
12767041,TRUE,2000/11/5 2:01,16.698724,2.723908,24,gps,Loxodonta africana,#1819147,99,Forest Elephant Telemetry Programme
12767042,TRUE,2000/11/5 3:01,16.698649,2.723788,24,gps,Loxodonta africana,#1819147,99,Forest Elephant Telemetry Programme
12767043,TRUE,2000/11/5 4:01,16.69878,2.723489,23.5,gps,Loxodonta africana,#1819147,99,Forest Elephant Telemetry Programme
12767044,TRUE,2000/11/5 5:02,16.698226,2.72386,23.5,gps,Loxodonta africana,#1819147,99,Forest Elephant Telemetry Programme
12767045,TRUE,2000/11/5 6:02,16.690082,2.720928,23,gps,Loxodonta africana,#1819147,99,Forest Elephant Telemetry Programme
12767046,TRUE,2000/11/5 7:01,16.687526,2.721595,23,gps,Loxodonta africana,#1819147,99,Forest Elephant Telemetry Programme
12767047,TRUE,2000/11/5 8:02,16.682873,2.722064,23,gps,Loxodonta africana,#1819147,99,Forest Elephant Telemetry Programme
12767048,TRUE,2000/11/5 9:02,16.681994,2.725388,24,gps,Loxodonta africana,#1819147,99,Forest Elephant Telemetry Programme
12767049,TRUE,2000/11/5 10:02,16.680971,2.729998,24.5,gps,Loxodonta africana,#1819147,99,Forest Elephant Telemetry Programme
12767050,TRUE,2000/11/5 11:02,16.682423,2.732064,25,gps,Loxodonta africana,#1819147,99,Forest Elephant Telemetry Programme
12767051,TRUE,2000/11/5 12:02,16.685185,2.732878,25,gps,Loxodonta africana,#1819147,99,Forest Elephant Telemetry Programme
12767052,TRUE,2000/11/5 13:02,16.686108,2.735583,25.5,gps,Loxodonta africana,#1819147,99,Forest Elephant Telemetry Programme
12767053,TRUE,2000/11/5 20:02,16.681141,2.733402,21.5,gps,Loxodonta africana,#1819147,99,Forest Elephant Telemetry Programme
12767054,TRUE,2000/11/5 21:02,16.680887,2.73332,21.5,gps,Loxodonta africana,#1819147,99,Forest Elephant Telemetry Programme
12767055,TRUE,2000/11/6 2:02,16.680415,2.732914,21.5,gps,Loxodonta africana,#1819147,99,Forest Elephant Telemetry Programme
12767056,TRUE,2000/11/6 4:01,16.680182,2.733006,21.5,gps,Loxodonta africana,#1819147,99,Forest Elephant Telemetry Programme
12767057,TRUE,2000/11/6 5:02,16.681042,2.734059,21.5,gps,Loxodonta africana,#1819147,99,Forest Elephant Telemetry Programme
12767058,TRUE,2000/11/6 6:01,16.676175,2.736851,21.5,gps,Loxodonta africana,#1819147,99,Forest Elephant Telemetry Programme
12767059,TRUE,2000/11/6 7:01,16.680224,2.738148,21.5,gps,Loxodonta africana,#1819147,99,Forest Elephant Telemetry Programme
12767060,TRUE,2000/11/6 9:02,16.685072,2.740349,22,gps,Loxodonta africana,#1819147,99,Forest Elephant Telemetry Programme
12767061,TRUE,2000/11/6 10:02,16.684524,2.737878,22.5,gps,Loxodonta africana,#1819147,99,Forest Elephant Telemetry Programme
12767062,TRUE,2000/11/6 11:02,16.683919,2.735851,23.5,gps,Loxodonta africana,#1819147,99,Forest Elephant Telemetry Programme
12767063,TRUE,2000/11/6 12:01,16.681526,2.734079,24.5,gps,Loxodonta africana,#1819147,99,Forest Elephant Telemetry Programme
12767064,TRUE,2000/11/6 13:02,16.683075,2.730474,25,gps,Loxodonta africana,#1819147,99,Forest Elephant Telemetry Programme
12767065,TRUE,2000/11/6 14:02,16.684948,2.726976,25,gps,Loxodonta africana,#1819147,99,Forest Elephant Telemetry Programme
12767066,TRUE,2000/11/6 16:02,16.683256,2.719917,25,gps,Loxodonta africana,#1819147,99,Forest Elephant Telemetry Programme
12767067,TRUE,2000/11/6 17:03,16.677319,2.714797,25,gps,Loxodonta africana,#1819147,99,Forest Elephant Telemetry Programme
12767068,TRUE,2000/11/6 18:01,16.675112,2.708741,25,gps,Loxodonta africana,#1819147,99,Forest Elephant Telemetry Programme
12767069,TRUE,2000/11/6 19:01,16.671802,2.70611,24.5,gps,Loxodonta africana,#1819147,99,Forest Elephant Telemetry Programme
12767070,TRUE,2000/11/6 21:02,16.670842,2.699922,23.5,gps,Loxodonta africana,#1819147,99,Forest Elephant Telemetry Programme
12767071,TRUE,2000/11/6 23:01,16.693698,2.693674,24,gps,Loxodonta africana,#1819147,99,Forest Elephant Telemetry Programme
12767072,TRUE,2000/11/7 0:01,16.69358,2.694019,23.5,gps,Loxodonta africana,#1819147,99,Forest Elephant Telemetry Programme
12767073,TRUE,2000/11/7 1:01,16.693206,2.694457,23.5,gps,Loxodonta africana,#1819147,99,Forest Elephant Telemetry Programme
12767074,TRUE,2000/11/7 2:01,16.692342,2.694016,23,gps,Loxodonta africana,#1819147,99,Forest Elephant Telemetry Programme
12767075,TRUE,2000/11/7 3:02,16.692093,2.694075,23.5,gps,Loxodonta africana,#1819147,99,Forest Elephant Telemetry Programme
12767076,TRUE,2000/11/7 4:01,16.6912,2.694116,23,gps,Loxodonta africana,#1819147,99,Forest Elephant Telemetry Programme
12767077,TRUE,2000/11/7 5:03,16.691233,2.69386,23.5,gps,Loxodonta africana,#1819147,99,Forest Elephant Telemetry Programme
12767078,TRUE,2000/11/7 8:02,16.670814,2.690773,22,gps,Loxodonta africana,#1819147,99,Forest Elephant Telemetry Programme
12767079,TRUE,2000/11/7 9:02,16.668766,2.689741,21.5,gps,Loxodonta africana,#1819147,99,Forest Elephant Telemetry Programme
12767080,TRUE,2000/11/7 10:01,16.667613,2.689136,22,gps,Loxodonta africana,#1819147,99,Forest Elephant Telemetry Programme
12767081,TRUE,2000/11/7 11:01,16.668289,2.688544,22.5,gps,Loxodonta africana,#1819147,99,Forest Elephant Telemetry Programme
12767082,TRUE,2000/11/7 12:01,16.668205,2.688871,22.5,gps,Loxodonta africana,#1819147,99,Forest Elephant Telemetry Programme
12767083,TRUE,2000/11/7 15:01,16.66555,2.690933,24,gps,Loxodonta africana,#1819147,99,Forest Elephant Telemetry Programme
12767084,TRUE,2000/11/7 17:01,16.666063,2.687514,24.5,gps,Loxodonta africana,#1819147,99,Forest Elephant Telemetry Programme
12767085,TRUE,2000/11/7 18:02,16.666911,2.687094,24,gps,Loxodonta africana,#1819147,99,Forest Elephant Telemetry Programme
12767086,TRUE,2000/11/7 20:02,16.668662,2.685171,23,gps,Loxodonta africana,#1819147,99,Forest Elephant Telemetry Programme
12767087,TRUE,2000/11/7 21:01,16.670585,2.682528,22.5,gps,Loxodonta africana,#1819147,99,Forest Elephant Telemetry Programme
12767088,TRUE,2000/11/7 22:02,16.669703,2.681855,22.5,gps,Loxodonta africana,#1819147,99,Forest Elephant Telemetry Programme
12767089,TRUE,2000/11/7 23:01,16.668078,2.684054,22,gps,Loxodonta africana,#1819147,99,Forest Elephant Telemetry Programme
12767090,TRUE,2000/11/8 0:01,16.667587,2.683458,22,gps,Loxodonta africana,#1819147,99,Forest Elephant Telemetry Programme
12767091,TRUE,2000/11/8 1:01,16.66795,2.683282,22,gps,Loxodonta africana,#1819147,99,Forest Elephant Telemetry Programme
12767092,TRUE,2000/11/8 3:02,16.667506,2.682917,21.5,gps,Loxodonta africana,#1819147,99,Forest Elephant Telemetry Programme
12767093,TRUE,2000/11/8 5:01,16.667737,2.683806,21,gps,Loxodonta africana,#1819147,99,Forest Elephant Telemetry Programme
12767094,TRUE,2000/11/8 6:01,16.665875,2.683586,20.5,gps,Loxodonta africana,#1819147,99,Forest Elephant Telemetry Programme
12767095,TRUE,2000/11/8 7:01,16.666915,2.685002,21,gps,Loxodonta africana,#1819147,99,Forest Elephant Telemetry Programme
12767096,TRUE,2000/11/8 8:01,16.66421,2.691511,21.5,gps,Loxodonta africana,#1819147,99,Forest Elephant Telemetry Programme
12767097,TRUE,2000/11/8 9:03,16.6601,2.688311,22.5,gps,Loxodonta africana,#1819147,99,Forest Elephant Telemetry Programme
12767098,TRUE,2000/11/8 10:02,16.649444,2.692511,23.5,gps,Loxodonta africana,#1819147,99,Forest Elephant Telemetry Programme
12767099,TRUE,2000/11/8 11:02,16.636969,2.697852,24.5,gps,Loxodonta africana,#1819147,99,Forest Elephant Telemetry Programme
12767100,TRUE,2000/11/8 14:02,16.615334,2.693725,25.5,gps,Loxodonta africana,#1819147,99,Forest Elephant Telemetry Programme
12767101,TRUE,2000/11/8 17:02,16.597949,2.675428,25.5,gps,Loxodonta africana,#1819147,99,Forest Elephant Telemetry Programme
12767102,TRUE,2000/11/8 18:02,16.586716,2.666353,25,gps,Loxodonta africana,#1819147,99,Forest Elephant Telemetry Programme
12767103,TRUE,2000/11/8 19:01,16.573557,2.657226,24.5,gps,Loxodonta africana,#1819147,99,Forest Elephant Telemetry Programme
12767104,TRUE,2000/11/8 20:01,16.573582,2.657217,24,gps,Loxodonta africana,#1819147,99,Forest Elephant Telemetry Programme
12767105,TRUE,2000/11/8 21:01,16.575749,2.658236,23.5,gps,Loxodonta africana,#1819147,99,Forest Elephant Telemetry Programme
12767106,TRUE,2000/11/8 22:01,16.576982,2.659833,23.5,gps,Loxodonta africana,#1819147,99,Forest Elephant Telemetry Programme
12767107,TRUE,2000/11/8 23:01,16.57547,2.660251,23,gps,Loxodonta africana,#1819147,99,Forest Elephant Telemetry Programme
12767108,TRUE,2000/11/9 0:01,16.573421,2.657227,22.5,gps,Loxodonta africana,#1819147,99,Forest Elephant Telemetry Programme
12767109,TRUE,2000/11/9 1:01,16.577204,2.658278,22.5,gps,Loxodonta africana,#1819147,99,Forest Elephant Telemetry Programme
12767110,TRUE,2000/11/9 2:01,16.577678,2.662349,22,gps,Loxodonta africana,#1819147,99,Forest Elephant Telemetry Programme
12767111,TRUE,2000/11/9 3:02,16.577378,2.678795,21.5,gps,Loxodonta africana,#1819147,99,Forest Elephant Telemetry Programme
12767112,TRUE,2000/11/9 5:01,16.577836,2.688879,22,gps,Loxodonta africana,#1819147,99,Forest Elephant Telemetry Programme
12767113,TRUE,2000/11/9 6:02,16.580656,2.691317,22,gps,Loxodonta africana,#1819147,99,Forest Elephant Telemetry Programme
12767114,TRUE,2000/11/9 7:01,16.580888,2.690271,22.5,gps,Loxodonta africana,#1819147,99,Forest Elephant Telemetry Programme
12767115,TRUE,2000/11/9 8:02,16.581039,2.689951,23,gps,Loxodonta africana,#1819147,99,Forest Elephant Telemetry Programme
12767116,TRUE,2000/11/9 9:01,16.587508,2.685536,23.5,gps,Loxodonta africana,#1819147,99,Forest Elephant Telemetry Programme
12767117,TRUE,2000/11/9 10:02,16.587406,2.685492,24.5,gps,Loxodonta africana,#1819147,99,Forest Elephant Telemetry Programme
12767118,TRUE,2000/11/9 11:01,16.587381,2.679737,25,gps,Loxodonta africana,#1819147,99,Forest Elephant Telemetry Programme
12767119,TRUE,2000/11/9 12:01,16.585657,2.678902,26,gps,Loxodonta africana,#1819147,99,Forest Elephant Telemetry Programme
12767120,TRUE,2000/11/9 17:02,16.577367,2.662177,25.5,gps,Loxodonta africana,#1819147,99,Forest Elephant Telemetry Programme
12767121,TRUE,2000/11/9 18:01,16.57355,2.657212,25.5,gps,Loxodonta africana,#1819147,99,Forest Elephant Telemetry Programme
12767122,TRUE,2000/11/9 19:01,16.573457,2.657189,24.5,gps,Loxodonta africana,#1819147,99,Forest Elephant Telemetry Programme
12767123,TRUE,2000/11/9 20:01,16.573488,2.657252,24,gps,Loxodonta africana,#1819147,99,Forest Elephant Telemetry Programme
12767124,TRUE,2000/11/9 21:01,16.572772,2.656116,24,gps,Loxodonta africana,#1819147,99,Forest Elephant Telemetry Programme
12767125,TRUE,2000/11/9 22:01,16.573474,2.657242,23.5,gps,Loxodonta africana,#1819147,99,Forest Elephant Telemetry Programme
12767126,TRUE,2000/11/9 23:01,16.574473,2.657795,23.5,gps,Loxodonta africana,#1819147,99,Forest Elephant Telemetry Programme
12767127,TRUE,2000/11/10 0:01,16.583693,2.665623,23,gps,Loxodonta africana,#1819147,99,Forest Elephant Telemetry Programme
12767128,TRUE,2000/11/10 1:01,16.590443,2.668979,23,gps,Loxodonta africana,#1819147,99,Forest Elephant Telemetry Programme
12767129,TRUE,2000/11/10 2:01,16.591454,2.669581,23.5,gps,Loxodonta africana,#1819147,99,Forest Elephant Telemetry Programme
12767130,TRUE,2000/11/10 3:02,16.591208,2.669988,23,gps,Loxodonta africana,#1819147,99,Forest Elephant Telemetry Programme
12767131,TRUE,2000/11/10 5:02,16.591803,2.669562,23,gps,Loxodonta africana,#1819147,99,Forest Elephant Telemetry Programme
12767132,TRUE,2000/11/10 6:02,16.59601,2.662842,23,gps,Loxodonta africana,#1819147,99,Forest Elephant Telemetry Programme
12767133,TRUE,2000/11/10 7:01,16.595815,2.658117,23,gps,Loxodonta africana,#1819147,99,Forest Elephant Telemetry Programme
12767134,TRUE,2000/11/10 8:02,16.59748,2.656648,23,gps,Loxodonta africana,#1819147,99,Forest Elephant Telemetry Programme
12767135,TRUE,2000/11/10 9:02,16.596976,2.654399,23,gps,Loxodonta africana,#1819147,99,Forest Elephant Telemetry Programme
12767136,TRUE,2000/11/10 10:02,16.599912,2.654935,23,gps,Loxodonta africana,#1819147,99,Forest Elephant Telemetry Programme
12767137,TRUE,2000/11/10 11:01,16.59944,2.65537,22.5,gps,Loxodonta africana,#1819147,99,Forest Elephant Telemetry Programme
12767138,TRUE,2000/11/10 12:02,16.599503,2.655153,22.5,gps,Loxodonta africana,#1819147,99,Forest Elephant Telemetry Programme
12767139,TRUE,2000/11/10 13:02,16.599494,2.654864,23,gps,Loxodonta africana,#1819147,99,Forest Elephant Telemetry Programme
12767140,TRUE,2000/11/10 14:02,16.599496,2.654582,23,gps,Loxodonta africana,#1819147,99,Forest Elephant Telemetry Programme
12767141,TRUE,2000/11/10 16:02,16.581793,2.655197,22.5,gps,Loxodonta africana,#1819147,99,Forest Elephant Telemetry Programme
12767142,TRUE,2000/11/10 17:01,16.581829,2.655056,23,gps,Loxodonta africana,#1819147,99,Forest Elephant Telemetry Programme
12767143,TRUE,2000/11/10 18:01,16.573764,2.657625,22.5,gps,Loxodonta africana,#1819147,99,Forest Elephant Telemetry Programme
12767144,TRUE,2000/11/10 19:01,16.573718,2.657251,22.5,gps,Loxodonta africana,#1819147,99,Forest Elephant Telemetry Programme
12767145,TRUE,2000/11/10 20:01,16.574401,2.657503,22,gps,Loxodonta africana,#1819147,99,Forest Elephant Telemetry Programme
12767146,TRUE,2000/11/10 21:01,16.576798,2.65931,22,gps,Loxodonta africana,#1819147,99,Forest Elephant Telemetry Programme
12767147,TRUE,2000/11/10 22:01,16.577053,2.659916,22,gps,Loxodonta africana,#1819147,99,Forest Elephant Telemetry Programme
12767148,TRUE,2000/11/10 23:01,16.576595,2.659814,22,gps,Loxodonta africana,#1819147,99,Forest Elephant Telemetry Programme
12767149,TRUE,2000/11/11 0:01,16.573522,2.657204,21.5,gps,Loxodonta africana,#1819147,99,Forest Elephant Telemetry Programme
12767150,TRUE,2000/11/11 1:01,16.573364,2.657254,21.5,gps,Loxodonta africana,#1819147,99,Forest Elephant Telemetry Programme
12767151,TRUE,2000/11/11 2:01,16.578218,2.659244,21,gps,Loxodonta africana,#1819147,99,Forest Elephant Telemetry Programme
12767152,TRUE,2000/11/11 4:01,16.591704,2.677971,21.5,gps,Loxodonta africana,#1819147,99,Forest Elephant Telemetry Programme
12767153,TRUE,2000/11/11 5:01,16.591516,2.677851,21.5,gps,Loxodonta africana,#1819147,99,Forest Elephant Telemetry Programme
12767154,TRUE,2000/11/11 6:01,16.59815,2.678474,21.5,gps,Loxodonta africana,#1819147,99,Forest Elephant Telemetry Programme
12767155,TRUE,2000/11/11 7:02,16.600454,2.679137,22,gps,Loxodonta africana,#1819147,99,Forest Elephant Telemetry Programme
12767156,TRUE,2000/11/11 8:01,16.603933,2.679761,22,gps,Loxodonta africana,#1819147,99,Forest Elephant Telemetry Programme
12767157,TRUE,2000/11/11 9:01,16.606579,2.677797,22.5,gps,Loxodonta africana,#1819147,99,Forest Elephant Telemetry Programme
12767158,TRUE,2000/11/11 10:03,16.608066,2.673991,23,gps,Loxodonta africana,#1819147,99,Forest Elephant Telemetry Programme
12767159,TRUE,2000/11/11 11:02,16.607933,2.673156,23.5,gps,Loxodonta africana,#1819147,99,Forest Elephant Telemetry Programme
12767160,TRUE,2000/11/11 14:02,16.601464,2.671694,24.5,gps,Loxodonta africana,#1819147,99,Forest Elephant Telemetry Programme
12767161,TRUE,2000/11/11 15:01,16.599584,2.670718,24.5,gps,Loxodonta africana,#1819147,99,Forest Elephant Telemetry Programme
12767162,TRUE,2000/11/11 16:02,16.592143,2.668773,24.5,gps,Loxodonta africana,#1819147,99,Forest Elephant Telemetry Programme
12767163,TRUE,2000/11/11 17:01,16.581795,2.663479,24,gps,Loxodonta africana,#1819147,99,Forest Elephant Telemetry Programme
12767164,TRUE,2000/11/11 18:01,16.573541,2.657194,23.5,gps,Loxodonta africana,#1819147,99,Forest Elephant Telemetry Programme
12767165,TRUE,2000/11/11 19:01,16.573536,2.657188,23,gps,Loxodonta africana,#1819147,99,Forest Elephant Telemetry Programme
12767166,TRUE,2000/11/11 20:01,16.572498,2.656086,23,gps,Loxodonta africana,#1819147,99,Forest Elephant Telemetry Programme
12767167,TRUE,2000/11/11 21:01,16.573595,2.657117,22.5,gps,Loxodonta africana,#1819147,99,Forest Elephant Telemetry Programme
12767168,TRUE,2000/11/11 22:01,16.573478,2.657191,22,gps,Loxodonta africana,#1819147,99,Forest Elephant Telemetry Programme
12767169,TRUE,2000/11/11 23:02,16.579436,2.665123,22,gps,Loxodonta africana,#1819147,99,Forest Elephant Telemetry Programme
12767170,TRUE,2000/11/12 0:01,16.582187,2.676187,22,gps,Loxodonta africana,#1819147,99,Forest Elephant Telemetry Programme
12767171,TRUE,2000/11/12 1:01,16.583841,2.680973,21.5,gps,Loxodonta africana,#1819147,99,Forest Elephant Telemetry Programme
12767172,TRUE,2000/11/12 2:01,16.58351,2.681446,21.5,gps,Loxodonta africana,#1819147,99,Forest Elephant Telemetry Programme
12767173,TRUE,2000/11/12 3:02,16.583997,2.681796,21.5,gps,Loxodonta africana,#1819147,99,Forest Elephant Telemetry Programme
12767174,TRUE,2000/11/12 4:02,16.583335,2.681403,21.5,gps,Loxodonta africana,#1819147,99,Forest Elephant Telemetry Programme
12767175,TRUE,2000/11/12 5:01,16.584374,2.683293,21,gps,Loxodonta africana,#1819147,99,Forest Elephant Telemetry Programme
12767176,TRUE,2000/11/12 6:02,16.589298,2.687452,20.5,gps,Loxodonta africana,#1819147,99,Forest Elephant Telemetry Programme
12767177,TRUE,2000/11/12 7:03,16.59201,2.688106,21,gps,Loxodonta africana,#1819147,99,Forest Elephant Telemetry Programme
12767178,TRUE,2000/11/12 9:01,16.593212,2.682312,21.5,gps,Loxodonta africana,#1819147,99,Forest Elephant Telemetry Programme
12767179,TRUE,2000/11/12 11:02,16.594006,2.681187,23.5,gps,Loxodonta africana,#1819147,99,Forest Elephant Telemetry Programme
12767180,TRUE,2000/11/12 12:02,16.596414,2.678577,24,gps,Loxodonta africana,#1819147,99,Forest Elephant Telemetry Programme
12767181,TRUE,2000/11/12 14:02,16.59163,2.670455,25,gps,Loxodonta africana,#1819147,99,Forest Elephant Telemetry Programme
12767182,TRUE,2000/11/12 16:03,16.582131,2.663421,25.5,gps,Loxodonta africana,#1819147,99,Forest Elephant Telemetry Programme
12767183,TRUE,2000/11/12 17:01,16.573495,2.657188,25,gps,Loxodonta africana,#1819147,99,Forest Elephant Telemetry Programme
12767184,TRUE,2000/11/12 18:01,16.573498,2.6572,24.5,gps,Loxodonta africana,#1819147,99,Forest Elephant Telemetry Programme
12767185,TRUE,2000/11/12 19:01,16.573869,2.656446,24,gps,Loxodonta africana,#1819147,99,Forest Elephant Telemetry Programme
12767186,TRUE,2000/11/12 20:03,16.575128,2.655514,24,gps,Loxodonta africana,#1819147,99,Forest Elephant Telemetry Programme
12767187,TRUE,2000/11/12 21:01,16.5735,2.657267,23.5,gps,Loxodonta africana,#1819147,99,Forest Elephant Telemetry Programme
12767188,TRUE,2000/11/12 22:01,16.573862,2.65653,23.5,gps,Loxodonta africana,#1819147,99,Forest Elephant Telemetry Programme
12767189,TRUE,2000/11/12 23:01,16.576672,2.654197,23.5,gps,Loxodonta africana,#1819147,99,Forest Elephant Telemetry Programme
12767190,TRUE,2000/11/13 0:02,16.578946,2.648068,23.5,gps,Loxodonta africana,#1819147,99,Forest Elephant Telemetry Programme
12767191,TRUE,2000/11/13 1:02,16.580177,2.648529,23.5,gps,Loxodonta africana,#1819147,99,Forest Elephant Telemetry Programme
12767192,TRUE,2000/11/13 2:01,16.582915,2.648291,23,gps,Loxodonta africana,#1819147,99,Forest Elephant Telemetry Programme
12767193,TRUE,2000/11/13 3:01,16.580923,2.650998,23,gps,Loxodonta africana,#1819147,99,Forest Elephant Telemetry Programme
12767194,TRUE,2000/11/13 4:02,16.573909,2.656398,23,gps,Loxodonta africana,#1819147,99,Forest Elephant Telemetry Programme
12767195,TRUE,2000/11/13 5:01,16.573411,2.657215,22.5,gps,Loxodonta africana,#1819147,99,Forest Elephant Telemetry Programme
12767196,TRUE,2000/11/13 6:01,16.587818,2.65507,22,gps,Loxodonta africana,#1819147,99,Forest Elephant Telemetry Programme
12767197,TRUE,2000/11/13 7:01,16.591667,2.657292,22.5,gps,Loxodonta africana,#1819147,99,Forest Elephant Telemetry Programme
12767198,TRUE,2000/11/13 8:02,16.594006,2.65774,23,gps,Loxodonta africana,#1819147,99,Forest Elephant Telemetry Programme
12767199,TRUE,2000/11/13 10:02,16.596368,2.658639,24.5,gps,Loxodonta africana,#1819147,99,Forest Elephant Telemetry Programme
12767200,TRUE,2000/11/13 11:01,16.597857,2.659349,25,gps,Loxodonta africana,#1819147,99,Forest Elephant Telemetry Programme
12767201,TRUE,2000/11/13 13:02,16.601844,2.656234,25.5,gps,Loxodonta africana,#1819147,99,Forest Elephant Telemetry Programme
12767202,TRUE,2000/11/13 14:02,16.602363,2.656987,25.5,gps,Loxodonta africana,#1819147,99,Forest Elephant Telemetry Programme
12767203,TRUE,2000/11/13 16:02,16.606592,2.659808,26,gps,Loxodonta africana,#1819147,99,Forest Elephant Telemetry Programme
12767204,TRUE,2000/11/13 17:02,16.606561,2.658705,26,gps,Loxodonta africana,#1819147,99,Forest Elephant Telemetry Programme
12767205,TRUE,2000/11/13 18:02,16.604634,2.655777,25.5,gps,Loxodonta africana,#1819147,99,Forest Elephant Telemetry Programme
12767206,TRUE,2000/11/13 21:02,16.601783,2.658635,24.5,gps,Loxodonta africana,#1819147,99,Forest Elephant Telemetry Programme
12767207,TRUE,2000/11/13 22:02,16.595884,2.662646,24,gps,Loxodonta africana,#1819147,99,Forest Elephant Telemetry Programme
12767208,TRUE,2000/11/13 23:03,16.586785,2.658949,23.5,gps,Loxodonta africana,#1819147,99,Forest Elephant Telemetry Programme
12767209,TRUE,2000/11/14 0:02,16.581114,2.657991,23.5,gps,Loxodonta africana,#1819147,99,Forest Elephant Telemetry Programme
12767210,TRUE,2000/11/14 1:01,16.573536,2.657277,23,gps,Loxodonta africana,#1819147,99,Forest Elephant Telemetry Programme
12767211,TRUE,2000/11/14 2:01,16.573493,2.657243,22.5,gps,Loxodonta africana,#1819147,99,Forest Elephant Telemetry Programme
12767212,TRUE,2000/11/14 3:01,16.573806,2.657067,22,gps,Loxodonta africana,#1819147,99,Forest Elephant Telemetry Programme
12767213,TRUE,2000/11/14 4:01,16.572649,2.656128,22,gps,Loxodonta africana,#1819147,99,Forest Elephant Telemetry Programme
12767214,TRUE,2000/11/14 5:01,16.573589,2.657141,21.5,gps,Loxodonta africana,#1819147,99,Forest Elephant Telemetry Programme
12767215,TRUE,2000/11/14 6:01,16.572855,2.657384,21.5,gps,Loxodonta africana,#1819147,99,Forest Elephant Telemetry Programme
12767216,TRUE,2000/11/14 7:01,16.558243,2.654743,21.5,gps,Loxodonta africana,#1819147,99,Forest Elephant Telemetry Programme
12767217,TRUE,2000/11/14 8:01,16.55163,2.651828,22.5,gps,Loxodonta africana,#1819147,99,Forest Elephant Telemetry Programme
12767218,TRUE,2000/11/14 9:02,16.551805,2.651715,24,gps,Loxodonta africana,#1819147,99,Forest Elephant Telemetry Programme
12767219,TRUE,2000/11/14 10:01,16.551333,2.658055,25,gps,Loxodonta africana,#1819147,99,Forest Elephant Telemetry Programme
12767220,TRUE,2000/11/14 13:02,16.554315,2.660194,27,gps,Loxodonta africana,#1819147,99,Forest Elephant Telemetry Programme
12767221,TRUE,2000/11/14 16:01,16.559033,2.660469,25.5,gps,Loxodonta africana,#1819147,99,Forest Elephant Telemetry Programme
12767222,TRUE,2000/11/14 17:01,16.559475,2.661255,23.5,gps,Loxodonta africana,#1819147,99,Forest Elephant Telemetry Programme
12767223,TRUE,2000/11/14 18:02,16.562435,2.65956,22.5,gps,Loxodonta africana,#1819147,99,Forest Elephant Telemetry Programme
12767224,TRUE,2000/11/14 19:01,16.573567,2.657206,22,gps,Loxodonta africana,#1819147,99,Forest Elephant Telemetry Programme
12767225,TRUE,2000/11/14 20:01,16.573589,2.657219,22,gps,Loxodonta africana,#1819147,99,Forest Elephant Telemetry Programme
12767226,TRUE,2000/11/14 21:01,16.575789,2.657814,22,gps,Loxodonta africana,#1819147,99,Forest Elephant Telemetry Programme
12767227,TRUE,2000/11/14 22:01,16.576973,2.658665,22,gps,Loxodonta africana,#1819147,99,Forest Elephant Telemetry Programme
12767228,TRUE,2000/11/14 23:02,16.576886,2.658805,22.5,gps,Loxodonta africana,#1819147,99,Forest Elephant Telemetry Programme
12767229,TRUE,2000/11/15 0:01,16.57494,2.659627,22,gps,Loxodonta africana,#1819147,99,Forest Elephant Telemetry Programme
12767230,TRUE,2000/11/15 1:01,16.573537,2.657176,22,gps,Loxodonta africana,#1819147,99,Forest Elephant Telemetry Programme
12767231,TRUE,2000/11/15 2:01,16.573491,2.657208,21.5,gps,Loxodonta africana,#1819147,99,Forest Elephant Telemetry Programme
12767232,TRUE,2000/11/15 3:01,16.573408,2.657858,21,gps,Loxodonta africana,#1819147,99,Forest Elephant Telemetry Programme
12767233,TRUE,2000/11/15 4:02,16.570225,2.662087,21.5,gps,Loxodonta africana,#1819147,99,Forest Elephant Telemetry Programme
12767234,TRUE,2000/11/15 5:01,16.565055,2.673617,21,gps,Loxodonta africana,#1819147,99,Forest Elephant Telemetry Programme
12767235,TRUE,2000/11/15 6:01,16.564169,2.675222,21.5,gps,Loxodonta africana,#1819147,99,Forest Elephant Telemetry Programme
12767236,TRUE,2000/11/15 7:01,16.564203,2.677359,21.5,gps,Loxodonta africana,#1819147,99,Forest Elephant Telemetry Programme
12767237,TRUE,2000/11/15 8:02,16.562351,2.676822,22,gps,Loxodonta africana,#1819147,99,Forest Elephant Telemetry Programme
12767238,TRUE,2000/11/15 10:03,16.562449,2.676451,22.5,gps,Loxodonta africana,#1819147,99,Forest Elephant Telemetry Programme
12767239,TRUE,2000/11/15 12:02,16.562012,2.675624,23.5,gps,Loxodonta africana,#1819147,99,Forest Elephant Telemetry Programme
12767240,TRUE,2000/11/15 14:03,16.561673,2.670872,24.5,gps,Loxodonta africana,#1819147,99,Forest Elephant Telemetry Programme
12767241,TRUE,2000/11/15 15:01,16.568019,2.665114,24.5,gps,Loxodonta africana,#1819147,99,Forest Elephant Telemetry Programme
12767242,TRUE,2000/11/15 16:03,16.571101,2.660509,24.5,gps,Loxodonta africana,#1819147,99,Forest Elephant Telemetry Programme
12767243,TRUE,2000/11/15 17:01,16.572901,2.658187,25,gps,Loxodonta africana,#1819147,99,Forest Elephant Telemetry Programme
12767244,TRUE,2000/11/15 18:01,16.573528,2.657281,24,gps,Loxodonta africana,#1819147,99,Forest Elephant Telemetry Programme
12767245,TRUE,2000/11/15 19:01,16.573517,2.657235,23,gps,Loxodonta africana,#1819147,99,Forest Elephant Telemetry Programme
12767246,TRUE,2000/11/15 20:01,16.575378,2.660518,23,gps,Loxodonta africana,#1819147,99,Forest Elephant Telemetry Programme
12767247,TRUE,2000/11/15 21:01,16.575866,2.660729,23,gps,Loxodonta africana,#1819147,99,Forest Elephant Telemetry Programme
12767248,TRUE,2000/11/15 22:01,16.575819,2.661705,23,gps,Loxodonta africana,#1819147,99,Forest Elephant Telemetry Programme
12767249,TRUE,2000/11/15 23:03,16.577169,2.663335,23,gps,Loxodonta africana,#1819147,99,Forest Elephant Telemetry Programme
12767250,TRUE,2000/11/16 0:01,16.580666,2.671171,22.5,gps,Loxodonta africana,#1819147,99,Forest Elephant Telemetry Programme
12767251,TRUE,2000/11/16 1:02,16.580245,2.674212,22.5,gps,Loxodonta africana,#1819147,99,Forest Elephant Telemetry Programme
12767252,TRUE,2000/11/16 2:01,16.584144,2.676526,22.5,gps,Loxodonta africana,#1819147,99,Forest Elephant Telemetry Programme
12767253,TRUE,2000/11/16 3:03,16.583984,2.676095,22.5,gps,Loxodonta africana,#1819147,99,Forest Elephant Telemetry Programme
12767254,TRUE,2000/11/16 4:02,16.587856,2.677498,22.5,gps,Loxodonta africana,#1819147,99,Forest Elephant Telemetry Programme
12767255,TRUE,2000/11/16 6:02,16.595854,2.678915,22.5,gps,Loxodonta africana,#1819147,99,Forest Elephant Telemetry Programme
12767256,TRUE,2000/11/16 7:02,16.600943,2.678841,22,gps,Loxodonta africana,#1819147,99,Forest Elephant Telemetry Programme
12767257,TRUE,2000/11/16 8:01,16.601856,2.678872,22.5,gps,Loxodonta africana,#1819147,99,Forest Elephant Telemetry Programme
12767258,TRUE,2000/11/16 9:02,16.602488,2.677744,22.5,gps,Loxodonta africana,#1819147,99,Forest Elephant Telemetry Programme
12767259,TRUE,2000/11/16 11:02,16.60284,2.677133,23.5,gps,Loxodonta africana,#1819147,99,Forest Elephant Telemetry Programme
12767260,TRUE,2000/11/16 12:02,16.604241,2.674777,24,gps,Loxodonta africana,#1819147,99,Forest Elephant Telemetry Programme
12767261,TRUE,2000/11/16 13:02,16.604975,2.674564,24,gps,Loxodonta africana,#1819147,99,Forest Elephant Telemetry Programme
12767262,TRUE,2000/11/16 14:01,16.599523,2.670811,24.5,gps,Loxodonta africana,#1819147,99,Forest Elephant Telemetry Programme
12767263,TRUE,2000/11/16 17:02,16.58183,2.657777,24.5,gps,Loxodonta africana,#1819147,99,Forest Elephant Telemetry Programme
12767264,TRUE,2000/11/16 19:01,16.5736,2.65726,23,gps,Loxodonta africana,#1819147,99,Forest Elephant Telemetry Programme
12767265,TRUE,2000/11/16 20:01,16.573573,2.65735,23,gps,Loxodonta africana,#1819147,99,Forest Elephant Telemetry Programme
12767266,TRUE,2000/11/16 21:01,16.579177,2.650746,22.5,gps,Loxodonta africana,#1819147,99,Forest Elephant Telemetry Programme
12767267,TRUE,2000/11/16 22:01,16.582748,2.640381,22.5,gps,Loxodonta africana,#1819147,99,Forest Elephant Telemetry Programme
12767268,TRUE,2000/11/16 23:01,16.581994,2.638452,22.5,gps,Loxodonta africana,#1819147,99,Forest Elephant Telemetry Programme
12767269,TRUE,2000/11/17 0:01,16.581526,2.637596,23,gps,Loxodonta africana,#1819147,99,Forest Elephant Telemetry Programme
12767270,TRUE,2000/11/17 1:01,16.581674,2.637071,23,gps,Loxodonta africana,#1819147,99,Forest Elephant Telemetry Programme
12767271,TRUE,2000/11/17 5:02,16.584124,2.636764,22,gps,Loxodonta africana,#1819147,99,Forest Elephant Telemetry Programme
12767272,TRUE,2000/11/17 6:02,16.586305,2.637567,22,gps,Loxodonta africana,#1819147,99,Forest Elephant Telemetry Programme
12767273,TRUE,2000/11/17 7:02,16.587097,2.639188,22,gps,Loxodonta africana,#1819147,99,Forest Elephant Telemetry Programme
12767274,TRUE,2000/11/17 8:02,16.589406,2.637617,22.5,gps,Loxodonta africana,#1819147,99,Forest Elephant Telemetry Programme
12767275,TRUE,2000/11/17 9:02,16.588592,2.636625,23.5,gps,Loxodonta africana,#1819147,99,Forest Elephant Telemetry Programme
12767276,TRUE,2000/11/17 10:02,16.58278,2.633494,24,gps,Loxodonta africana,#1819147,99,Forest Elephant Telemetry Programme
12767277,TRUE,2000/11/17 11:01,16.583157,2.633683,24,gps,Loxodonta africana,#1819147,99,Forest Elephant Telemetry Programme
12767278,TRUE,2000/11/17 12:02,16.581947,2.634441,24.5,gps,Loxodonta africana,#1819147,99,Forest Elephant Telemetry Programme
12767279,TRUE,2000/11/17 13:02,16.57987,2.635581,25,gps,Loxodonta africana,#1819147,99,Forest Elephant Telemetry Programme
12767280,TRUE,2000/11/17 14:01,16.57828,2.638687,25,gps,Loxodonta africana,#1819147,99,Forest Elephant Telemetry Programme
12767281,TRUE,2000/11/17 15:02,16.577651,2.645178,25.5,gps,Loxodonta africana,#1819147,99,Forest Elephant Telemetry Programme
12767282,TRUE,2000/11/17 16:02,16.577325,2.6506,25.5,gps,Loxodonta africana,#1819147,99,Forest Elephant Telemetry Programme
12767283,TRUE,2000/11/17 17:01,16.575119,2.653945,25,gps,Loxodonta africana,#1819147,99,Forest Elephant Telemetry Programme
12767284,TRUE,2000/11/17 18:01,16.573621,2.657405,24.5,gps,Loxodonta africana,#1819147,99,Forest Elephant Telemetry Programme
12767285,TRUE,2000/11/17 19:01,16.573518,2.65721,23.5,gps,Loxodonta africana,#1819147,99,Forest Elephant Telemetry Programme
12767286,TRUE,2000/11/17 20:02,16.574679,2.656001,23,gps,Loxodonta africana,#1819147,99,Forest Elephant Telemetry Programme
12767287,TRUE,2000/11/17 21:02,16.575215,2.654976,23,gps,Loxodonta africana,#1819147,99,Forest Elephant Telemetry Programme
12767288,TRUE,2000/11/17 22:01,16.575231,2.654913,23,gps,Loxodonta africana,#1819147,99,Forest Elephant Telemetry Programme
12767289,TRUE,2000/11/17 23:01,16.573522,2.65719,22,gps,Loxodonta africana,#1819147,99,Forest Elephant Telemetry Programme
12767290,TRUE,2000/11/18 0:01,16.575439,2.655507,22,gps,Loxodonta africana,#1819147,99,Forest Elephant Telemetry Programme
12767291,TRUE,2000/11/18 1:01,16.580345,2.648465,21.5,gps,Loxodonta africana,#1819147,99,Forest Elephant Telemetry Programme
12767292,TRUE,2000/11/18 2:02,16.580031,2.646589,21.5,gps,Loxodonta africana,#1819147,99,Forest Elephant Telemetry Programme
12767293,TRUE,2000/11/18 3:01,16.581508,2.643279,21.5,gps,Loxodonta africana,#1819147,99,Forest Elephant Telemetry Programme
12767294,TRUE,2000/11/18 4:03,16.581856,2.643051,21.5,gps,Loxodonta africana,#1819147,99,Forest Elephant Telemetry Programme
12767295,TRUE,2000/11/18 5:01,16.583319,2.642389,21.5,gps,Loxodonta africana,#1819147,99,Forest Elephant Telemetry Programme
12767296,TRUE,2000/11/18 6:02,16.584548,2.642259,21.5,gps,Loxodonta africana,#1819147,99,Forest Elephant Telemetry Programme
12767297,TRUE,2000/11/18 7:02,16.587058,2.640596,21.5,gps,Loxodonta africana,#1819147,99,Forest Elephant Telemetry Programme
12767298,TRUE,2000/11/18 8:01,16.586368,2.636138,22,gps,Loxodonta africana,#1819147,99,Forest Elephant Telemetry Programme
12767299,TRUE,2000/11/18 9:02,16.582587,2.63368,23,gps,Loxodonta africana,#1819147,99,Forest Elephant Telemetry Programme
12767300,TRUE,2000/11/18 10:02,16.582914,2.633585,24.5,gps,Loxodonta africana,#1819147,99,Forest Elephant Telemetry Programme
12767301,TRUE,2000/11/18 11:02,16.582435,2.633228,25.5,gps,Loxodonta africana,#1819147,99,Forest Elephant Telemetry Programme
12767302,TRUE,2000/11/18 12:02,16.582152,2.634171,25.5,gps,Loxodonta africana,#1819147,99,Forest Elephant Telemetry Programme
12767303,TRUE,2000/11/18 16:02,16.574633,2.64173,26,gps,Loxodonta africana,#1819147,99,Forest Elephant Telemetry Programme
12767304,TRUE,2000/11/18 17:02,16.575035,2.648487,26,gps,Loxodonta africana,#1819147,99,Forest Elephant Telemetry Programme
12767305,TRUE,2000/11/18 18:01,16.574391,2.652439,25,gps,Loxodonta africana,#1819147,99,Forest Elephant Telemetry Programme
12767306,TRUE,2000/11/18 19:01,16.573452,2.657174,24.5,gps,Loxodonta africana,#1819147,99,Forest Elephant Telemetry Programme
12767307,TRUE,2000/11/18 20:01,16.57348,2.657204,23.5,gps,Loxodonta africana,#1819147,99,Forest Elephant Telemetry Programme
12767308,TRUE,2000/11/18 21:01,16.574509,2.655091,23.5,gps,Loxodonta africana,#1819147,99,Forest Elephant Telemetry Programme
12767309,TRUE,2000/11/18 22:01,16.57492,2.654917,23.5,gps,Loxodonta africana,#1819147,99,Forest Elephant Telemetry Programme
12767310,TRUE,2000/11/18 23:01,16.573513,2.65723,23,gps,Loxodonta africana,#1819147,99,Forest Elephant Telemetry Programme
12767311,TRUE,2000/11/19 0:01,16.572698,2.65747,22.5,gps,Loxodonta africana,#1819147,99,Forest Elephant Telemetry Programme
12767312,TRUE,2000/11/19 1:01,16.574887,2.653984,22.5,gps,Loxodonta africana,#1819147,99,Forest Elephant Telemetry Programme
12767313,TRUE,2000/11/19 2:01,16.574358,2.654416,22.5,gps,Loxodonta africana,#1819147,99,Forest Elephant Telemetry Programme
12767314,TRUE,2000/11/19 3:01,16.573533,2.657208,22,gps,Loxodonta africana,#1819147,99,Forest Elephant Telemetry Programme
12767315,TRUE,2000/11/19 4:01,16.57344,2.657218,21.5,gps,Loxodonta africana,#1819147,99,Forest Elephant Telemetry Programme
12767316,TRUE,2000/11/19 5:01,16.575936,2.652145,21.5,gps,Loxodonta africana,#1819147,99,Forest Elephant Telemetry Programme
12767317,TRUE,2000/11/19 6:02,16.579029,2.643086,21.5,gps,Loxodonta africana,#1819147,99,Forest Elephant Telemetry Programme
12767318,TRUE,2000/11/19 7:01,16.580573,2.640851,21.5,gps,Loxodonta africana,#1819147,99,Forest Elephant Telemetry Programme
12767319,TRUE,2000/11/19 8:01,16.584017,2.639839,22.5,gps,Loxodonta africana,#1819147,99,Forest Elephant Telemetry Programme
12767320,TRUE,2000/11/19 9:02,16.586074,2.640286,23.5,gps,Loxodonta africana,#1819147,99,Forest Elephant Telemetry Programme
12767321,TRUE,2000/11/19 10:01,16.585219,2.640206,25,gps,Loxodonta africana,#1819147,99,Forest Elephant Telemetry Programme
12767322,TRUE,2000/11/19 11:01,16.585644,2.639831,25.5,gps,Loxodonta africana,#1819147,99,Forest Elephant Telemetry Programme
12767323,TRUE,2000/11/19 13:02,16.585952,2.640242,26.5,gps,Loxodonta africana,#1819147,99,Forest Elephant Telemetry Programme
12767324,TRUE,2000/11/19 14:01,16.585858,2.640174,26.5,gps,Loxodonta africana,#1819147,99,Forest Elephant Telemetry Programme
12767325,TRUE,2000/11/19 16:02,16.586082,2.64047,24,gps,Loxodonta africana,#1819147,99,Forest Elephant Telemetry Programme
12767326,TRUE,2000/11/19 17:02,16.586616,2.64111,23.5,gps,Loxodonta africana,#1819147,99,Forest Elephant Telemetry Programme
12767327,TRUE,2000/11/19 18:02,16.586438,2.642243,23.5,gps,Loxodonta africana,#1819147,99,Forest Elephant Telemetry Programme
12767328,TRUE,2000/11/19 20:01,16.573576,2.657229,23,gps,Loxodonta africana,#1819147,99,Forest Elephant Telemetry Programme
12767329,TRUE,2000/11/19 21:01,16.573526,2.657231,23,gps,Loxodonta africana,#1819147,99,Forest Elephant Telemetry Programme
12767330,TRUE,2000/11/19 22:01,16.577087,2.656807,23,gps,Loxodonta africana,#1819147,99,Forest Elephant Telemetry Programme
12767331,TRUE,2000/11/19 23:01,16.580899,2.658001,23.5,gps,Loxodonta africana,#1819147,99,Forest Elephant Telemetry Programme
12767332,TRUE,2000/11/20 0:02,16.581894,2.657766,23.5,gps,Loxodonta africana,#1819147,99,Forest Elephant Telemetry Programme
12767333,TRUE,2000/11/20 1:01,16.586749,2.65859,23,gps,Loxodonta africana,#1819147,99,Forest Elephant Telemetry Programme
12767334,TRUE,2000/11/20 2:02,16.588538,2.658255,23,gps,Loxodonta africana,#1819147,99,Forest Elephant Telemetry Programme
12767335,TRUE,2000/11/20 5:02,16.590107,2.658263,23,gps,Loxodonta africana,#1819147,99,Forest Elephant Telemetry Programme
12767336,TRUE,2000/11/20 6:01,16.591254,2.658172,23,gps,Loxodonta africana,#1819147,99,Forest Elephant Telemetry Programme
12767337,TRUE,2000/11/20 7:02,16.591251,2.657919,23,gps,Loxodonta africana,#1819147,99,Forest Elephant Telemetry Programme
12767338,TRUE,2000/11/20 8:02,16.591232,2.657737,23,gps,Loxodonta africana,#1819147,99,Forest Elephant Telemetry Programme
12767339,TRUE,2000/11/20 9:02,16.592024,2.6566,23,gps,Loxodonta africana,#1819147,99,Forest Elephant Telemetry Programme
12767340,TRUE,2000/11/20 10:02,16.591866,2.655404,23.5,gps,Loxodonta africana,#1819147,99,Forest Elephant Telemetry Programme
12767341,TRUE,2000/11/20 11:03,16.592183,2.654552,24.5,gps,Loxodonta africana,#1819147,99,Forest Elephant Telemetry Programme
12767342,TRUE,2000/11/20 15:02,16.592386,2.65241,26,gps,Loxodonta africana,#1819147,99,Forest Elephant Telemetry Programme
12767343,TRUE,2000/11/20 16:02,16.593015,2.651214,26,gps,Loxodonta africana,#1819147,99,Forest Elephant Telemetry Programme
12767344,TRUE,2000/11/20 17:02,16.584976,2.652724,25.5,gps,Loxodonta africana,#1819147,99,Forest Elephant Telemetry Programme
12767345,TRUE,2000/11/20 18:02,16.578401,2.657028,25,gps,Loxodonta africana,#1819147,99,Forest Elephant Telemetry Programme
12767346,TRUE,2000/11/20 19:01,16.573534,2.657258,24,gps,Loxodonta africana,#1819147,99,Forest Elephant Telemetry Programme
12767347,TRUE,2000/11/20 20:01,16.575224,2.655435,23.5,gps,Loxodonta africana,#1819147,99,Forest Elephant Telemetry Programme
12767348,TRUE,2000/11/20 21:02,16.575956,2.655031,23.5,gps,Loxodonta africana,#1819147,99,Forest Elephant Telemetry Programme
12767349,TRUE,2000/11/20 22:01,16.573556,2.657223,23,gps,Loxodonta africana,#1819147,99,Forest Elephant Telemetry Programme
12767350,TRUE,2000/11/20 23:01,16.573183,2.65727,22.5,gps,Loxodonta africana,#1819147,99,Forest Elephant Telemetry Programme
12767351,TRUE,2000/11/21 0:01,16.577915,2.653638,22.5,gps,Loxodonta africana,#1819147,99,Forest Elephant Telemetry Programme
12767352,TRUE,2000/11/21 1:01,16.579954,2.649874,22.5,gps,Loxodonta africana,#1819147,99,Forest Elephant Telemetry Programme
12767353,TRUE,2000/11/21 2:03,16.580519,2.64733,22.5,gps,Loxodonta africana,#1819147,99,Forest Elephant Telemetry Programme
12767354,TRUE,2000/11/21 3:01,16.580984,2.645644,22,gps,Loxodonta africana,#1819147,99,Forest Elephant Telemetry Programme
12767355,TRUE,2000/11/21 6:02,16.584804,2.642168,22,gps,Loxodonta africana,#1819147,99,Forest Elephant Telemetry Programme
12767356,TRUE,2000/11/21 7:02,16.58463,2.642442,22,gps,Loxodonta africana,#1819147,99,Forest Elephant Telemetry Programme
12767357,TRUE,2000/11/21 8:02,16.586369,2.638386,22.5,gps,Loxodonta africana,#1819147,99,Forest Elephant Telemetry Programme
12767358,TRUE,2000/11/21 9:01,16.587886,2.635848,23,gps,Loxodonta africana,#1819147,99,Forest Elephant Telemetry Programme
12767359,TRUE,2000/11/21 10:01,16.588063,2.633338,24.5,gps,Loxodonta africana,#1819147,99,Forest Elephant Telemetry Programme
12767360,TRUE,2000/11/21 13:02,16.582675,2.633599,26.5,gps,Loxodonta africana,#1819147,99,Forest Elephant Telemetry Programme
12767361,TRUE,2000/11/21 14:01,16.582196,2.634819,27,gps,Loxodonta africana,#1819147,99,Forest Elephant Telemetry Programme
12767362,TRUE,2000/11/21 15:02,16.581964,2.635919,27,gps,Loxodonta africana,#1819147,99,Forest Elephant Telemetry Programme
12767363,TRUE,2000/11/21 16:02,16.585053,2.639876,26.5,gps,Loxodonta africana,#1819147,99,Forest Elephant Telemetry Programme
12767364,TRUE,2000/11/21 17:02,16.586499,2.641559,26.5,gps,Loxodonta africana,#1819147,99,Forest Elephant Telemetry Programme
12767365,TRUE,2000/11/21 18:02,16.580343,2.648509,26,gps,Loxodonta africana,#1819147,99,Forest Elephant Telemetry Programme
12767366,TRUE,2000/11/21 19:01,16.573573,2.657213,25,gps,Loxodonta africana,#1819147,99,Forest Elephant Telemetry Programme
12767367,TRUE,2000/11/21 20:01,16.573503,2.657206,24.5,gps,Loxodonta africana,#1819147,99,Forest Elephant Telemetry Programme
12767368,TRUE,2000/11/21 21:01,16.572098,2.659016,24,gps,Loxodonta africana,#1819147,99,Forest Elephant Telemetry Programme
12767369,TRUE,2000/11/21 22:01,16.57196,2.660354,24,gps,Loxodonta africana,#1819147,99,Forest Elephant Telemetry Programme
12767370,TRUE,2000/11/21 23:01,16.573589,2.657206,23.5,gps,Loxodonta africana,#1819147,99,Forest Elephant Telemetry Programme
12767371,TRUE,2000/11/22 0:01,16.573541,2.657211,23.5,gps,Loxodonta africana,#1819147,99,Forest Elephant Telemetry Programme
12767372,TRUE,2000/11/22 1:01,16.575331,2.655152,23.5,gps,Loxodonta africana,#1819147,99,Forest Elephant Telemetry Programme
12767373,TRUE,2000/11/22 2:02,16.577847,2.653363,23,gps,Loxodonta africana,#1819147,99,Forest Elephant Telemetry Programme
12767374,TRUE,2000/11/22 3:01,16.580303,2.648374,23,gps,Loxodonta africana,#1819147,99,Forest Elephant Telemetry Programme
12767375,TRUE,2000/11/22 4:01,16.585473,2.647187,23,gps,Loxodonta africana,#1819147,99,Forest Elephant Telemetry Programme
12767376,TRUE,2000/11/22 5:02,16.587298,2.648047,23,gps,Loxodonta africana,#1819147,99,Forest Elephant Telemetry Programme
12767377,TRUE,2000/11/22 6:01,16.591679,2.653448,23,gps,Loxodonta africana,#1819147,99,Forest Elephant Telemetry Programme
12767378,TRUE,2000/11/22 8:03,16.602461,2.655253,23.5,gps,Loxodonta africana,#1819147,99,Forest Elephant Telemetry Programme
12767379,TRUE,2000/11/22 10:02,16.596927,2.671002,25,gps,Loxodonta africana,#1819147,99,Forest Elephant Telemetry Programme
12767380,TRUE,2000/11/22 11:01,16.596486,2.670843,26,gps,Loxodonta africana,#1819147,99,Forest Elephant Telemetry Programme
12767381,TRUE,2000/11/22 13:02,16.598132,2.674657,26,gps,Loxodonta africana,#1819147,99,Forest Elephant Telemetry Programme
12767382,TRUE,2000/11/22 14:02,16.596,2.676045,26.5,gps,Loxodonta africana,#1819147,99,Forest Elephant Telemetry Programme
12767383,TRUE,2000/11/22 16:02,16.590495,2.689329,25.5,gps,Loxodonta africana,#1819147,99,Forest Elephant Telemetry Programme
12767384,TRUE,2000/11/22 17:01,16.584234,2.697077,25.5,gps,Loxodonta africana,#1819147,99,Forest Elephant Telemetry Programme
12767385,TRUE,2000/11/22 19:02,16.57269,2.695221,25,gps,Loxodonta africana,#1819147,99,Forest Elephant Telemetry Programme
12767386,TRUE,2000/11/22 20:01,16.570297,2.694368,24.5,gps,Loxodonta africana,#1819147,99,Forest Elephant Telemetry Programme
12767387,TRUE,2000/11/23 0:01,16.567671,2.689047,24,gps,Loxodonta africana,#1819147,99,Forest Elephant Telemetry Programme
12767388,TRUE,2000/11/23 1:01,16.568131,2.679393,23.5,gps,Loxodonta africana,#1819147,99,Forest Elephant Telemetry Programme
12767389,TRUE,2000/11/23 3:02,16.572175,2.660247,23.5,gps,Loxodonta africana,#1819147,99,Forest Elephant Telemetry Programme
12767390,TRUE,2000/11/23 4:01,16.573661,2.657184,23,gps,Loxodonta africana,#1819147,99,Forest Elephant Telemetry Programme
12767391,TRUE,2000/11/23 5:01,16.573419,2.657161,22.5,gps,Loxodonta africana,#1819147,99,Forest Elephant Telemetry Programme
12767392,TRUE,2000/11/23 6:01,16.571814,2.660125,22.5,gps,Loxodonta africana,#1819147,99,Forest Elephant Telemetry Programme
12767393,TRUE,2000/11/23 7:02,16.573411,2.670209,22.5,gps,Loxodonta africana,#1819147,99,Forest Elephant Telemetry Programme
12767394,TRUE,2000/11/23 8:02,16.570939,2.67513,23,gps,Loxodonta africana,#1819147,99,Forest Elephant Telemetry Programme
12767395,TRUE,2000/11/23 9:01,16.567665,2.679426,24,gps,Loxodonta africana,#1819147,99,Forest Elephant Telemetry Programme
12767396,TRUE,2000/11/23 10:02,16.568714,2.679675,25,gps,Loxodonta africana,#1819147,99,Forest Elephant Telemetry Programme
12767397,TRUE,2000/11/23 11:02,16.569075,2.680146,26,gps,Loxodonta africana,#1819147,99,Forest Elephant Telemetry Programme
12767398,TRUE,2000/11/23 13:01,16.572419,2.681764,26,gps,Loxodonta africana,#1819147,99,Forest Elephant Telemetry Programme
12767399,TRUE,2000/11/23 14:02,16.571276,2.679028,26.5,gps,Loxodonta africana,#1819147,99,Forest Elephant Telemetry Programme
12767400,TRUE,2000/11/23 16:02,16.571619,2.664322,26,gps,Loxodonta africana,#1819147,99,Forest Elephant Telemetry Programme
12767401,TRUE,2000/11/23 18:01,16.573633,2.657402,24,gps,Loxodonta africana,#1819147,99,Forest Elephant Telemetry Programme
12767402,TRUE,2000/11/23 19:01,16.575821,2.655509,23,gps,Loxodonta africana,#1819147,99,Forest Elephant Telemetry Programme
12767403,TRUE,2000/11/23 20:01,16.576036,2.654998,23,gps,Loxodonta africana,#1819147,99,Forest Elephant Telemetry Programme
12767404,TRUE,2000/11/23 21:01,16.573571,2.657262,22.5,gps,Loxodonta africana,#1819147,99,Forest Elephant Telemetry Programme
12767405,TRUE,2000/11/23 22:01,16.573861,2.656584,22,gps,Loxodonta africana,#1819147,99,Forest Elephant Telemetry Programme
12767406,TRUE,2000/11/23 23:01,16.577896,2.653376,22,gps,Loxodonta africana,#1819147,99,Forest Elephant Telemetry Programme
12767407,TRUE,2000/11/24 0:01,16.580367,2.648554,22,gps,Loxodonta africana,#1819147,99,Forest Elephant Telemetry Programme
12767408,TRUE,2000/11/24 1:02,16.579249,2.648311,22.5,gps,Loxodonta africana,#1819147,99,Forest Elephant Telemetry Programme
12767409,TRUE,2000/11/24 3:03,16.579126,2.649641,22,gps,Loxodonta africana,#1819147,99,Forest Elephant Telemetry Programme
12767410,TRUE,2000/11/24 4:02,16.575518,2.653044,22.5,gps,Loxodonta africana,#1819147,99,Forest Elephant Telemetry Programme
12767411,TRUE,2000/11/24 5:01,16.573491,2.65716,22,gps,Loxodonta africana,#1819147,99,Forest Elephant Telemetry Programme
12767412,TRUE,2000/11/24 6:01,16.573426,2.657209,21.5,gps,Loxodonta africana,#1819147,99,Forest Elephant Telemetry Programme
12767413,TRUE,2000/11/24 7:02,16.572571,2.665447,21,gps,Loxodonta africana,#1819147,99,Forest Elephant Telemetry Programme
12767414,TRUE,2000/11/24 8:02,16.571131,2.672596,21.5,gps,Loxodonta africana,#1819147,99,Forest Elephant Telemetry Programme
12767415,TRUE,2000/11/24 9:01,16.570737,2.673613,22,gps,Loxodonta africana,#1819147,99,Forest Elephant Telemetry Programme
12767416,TRUE,2000/11/24 15:02,16.563306,2.676666,23,gps,Loxodonta africana,#1819147,99,Forest Elephant Telemetry Programme
12767417,TRUE,2000/11/24 16:02,16.562851,2.676498,23.5,gps,Loxodonta africana,#1819147,99,Forest Elephant Telemetry Programme
12767418,TRUE,2000/11/24 18:02,16.563251,2.674138,22,gps,Loxodonta africana,#1819147,99,Forest Elephant Telemetry Programme
12767419,TRUE,2000/11/24 20:01,16.573528,2.657221,21,gps,Loxodonta africana,#1819147,99,Forest Elephant Telemetry Programme
12767420,TRUE,2000/11/24 21:01,16.573499,2.657242,21,gps,Loxodonta africana,#1819147,99,Forest Elephant Telemetry Programme
12767421,TRUE,2000/11/24 22:02,16.575561,2.655149,21,gps,Loxodonta africana,#1819147,99,Forest Elephant Telemetry Programme
12767422,TRUE,2000/11/24 23:01,16.5779,2.653919,21,gps,Loxodonta africana,#1819147,99,Forest Elephant Telemetry Programme
12767423,TRUE,2000/11/25 0:02,16.578014,2.653342,20.5,gps,Loxodonta africana,#1819147,99,Forest Elephant Telemetry Programme
12767424,TRUE,2000/11/25 1:02,16.577874,2.654774,20.5,gps,Loxodonta africana,#1819147,99,Forest Elephant Telemetry Programme
12767425,TRUE,2000/11/25 2:01,16.573481,2.657174,20,gps,Loxodonta africana,#1819147,99,Forest Elephant Telemetry Programme
12767426,TRUE,2000/11/25 3:01,16.573216,2.65666,20,gps,Loxodonta africana,#1819147,99,Forest Elephant Telemetry Programme
12767427,TRUE,2000/11/25 5:02,16.568369,2.658396,20.5,gps,Loxodonta africana,#1819147,99,Forest Elephant Telemetry Programme
12767428,TRUE,2000/11/25 6:02,16.563521,2.658183,20.5,gps,Loxodonta africana,#1819147,99,Forest Elephant Telemetry Programme
12767429,TRUE,2000/11/25 7:02,16.560004,2.658392,20.5,gps,Loxodonta africana,#1819147,99,Forest Elephant Telemetry Programme
12767430,TRUE,2000/11/25 8:02,16.556932,2.657848,21.5,gps,Loxodonta africana,#1819147,99,Forest Elephant Telemetry Programme
12767431,TRUE,2000/11/25 9:02,16.554846,2.658828,21.5,gps,Loxodonta africana,#1819147,99,Forest Elephant Telemetry Programme
12767432,TRUE,2000/11/25 10:03,16.554637,2.659276,22,gps,Loxodonta africana,#1819147,99,Forest Elephant Telemetry Programme
12767433,TRUE,2000/11/25 11:01,16.554712,2.659297,23,gps,Loxodonta africana,#1819147,99,Forest Elephant Telemetry Programme
12767434,TRUE,2000/11/25 12:01,16.555571,2.660285,23.5,gps,Loxodonta africana,#1819147,99,Forest Elephant Telemetry Programme
12767435,TRUE,2000/11/25 13:02,16.555449,2.659918,24.5,gps,Loxodonta africana,#1819147,99,Forest Elephant Telemetry Programme
12767436,TRUE,2000/11/25 15:01,16.558991,2.655025,24.5,gps,Loxodonta africana,#1819147,99,Forest Elephant Telemetry Programme
12767437,TRUE,2000/11/25 16:01,16.561402,2.65591,24.5,gps,Loxodonta africana,#1819147,99,Forest Elephant Telemetry Programme
12767438,TRUE,2000/11/25 18:02,16.570613,2.656431,24,gps,Loxodonta africana,#1819147,99,Forest Elephant Telemetry Programme
12767439,TRUE,2000/11/25 19:01,16.572051,2.656232,24,gps,Loxodonta africana,#1819147,99,Forest Elephant Telemetry Programme
12767440,TRUE,2000/11/25 20:01,16.573599,2.657231,23,gps,Loxodonta africana,#1819147,99,Forest Elephant Telemetry Programme
12767441,TRUE,2000/11/25 21:01,16.577619,2.652408,22.5,gps,Loxodonta africana,#1819147,99,Forest Elephant Telemetry Programme
12767442,TRUE,2000/11/25 22:01,16.584883,2.642382,22.5,gps,Loxodonta africana,#1819147,99,Forest Elephant Telemetry Programme
12767443,TRUE,2000/11/26 0:02,16.604374,2.634623,22.5,gps,Loxodonta africana,#1819147,99,Forest Elephant Telemetry Programme
12767444,TRUE,2000/11/26 1:02,16.606935,2.631106,22.5,gps,Loxodonta africana,#1819147,99,Forest Elephant Telemetry Programme
12767445,TRUE,2000/11/26 2:02,16.611067,2.626626,22,gps,Loxodonta africana,#1819147,99,Forest Elephant Telemetry Programme
12767446,TRUE,2000/11/26 4:01,16.6192,2.621135,23,gps,Loxodonta africana,#1819147,99,Forest Elephant Telemetry Programme
12767447,TRUE,2000/11/26 5:03,16.624374,2.619789,23,gps,Loxodonta africana,#1819147,99,Forest Elephant Telemetry Programme
12767448,TRUE,2000/11/26 6:02,16.628833,2.621354,22.5,gps,Loxodonta africana,#1819147,99,Forest Elephant Telemetry Programme
12767449,TRUE,2000/11/26 9:02,16.642011,2.621892,23,gps,Loxodonta africana,#1819147,99,Forest Elephant Telemetry Programme
12767450,TRUE,2000/11/26 10:02,16.641525,2.622175,24,gps,Loxodonta africana,#1819147,99,Forest Elephant Telemetry Programme
12767451,TRUE,2000/11/26 12:02,16.647139,2.617559,25.5,gps,Loxodonta africana,#1819147,99,Forest Elephant Telemetry Programme
12767452,TRUE,2000/11/26 13:02,16.648318,2.615689,25.5,gps,Loxodonta africana,#1819147,99,Forest Elephant Telemetry Programme
12767453,TRUE,2000/11/26 14:01,16.650702,2.610666,25.5,gps,Loxodonta africana,#1819147,99,Forest Elephant Telemetry Programme
12767454,TRUE,2000/11/26 15:02,16.651769,2.603198,25,gps,Loxodonta africana,#1819147,99,Forest Elephant Telemetry Programme
12767455,TRUE,2000/11/26 16:02,16.658403,2.595721,25.5,gps,Loxodonta africana,#1819147,99,Forest Elephant Telemetry Programme
12767456,TRUE,2000/11/26 18:02,16.661691,2.587588,25.5,gps,Loxodonta africana,#1819147,99,Forest Elephant Telemetry Programme
12767457,TRUE,2000/11/26 19:02,16.662853,2.585988,25.5,gps,Loxodonta africana,#1819147,99,Forest Elephant Telemetry Programme
12767458,TRUE,2000/11/26 20:02,16.663834,2.583698,25,gps,Loxodonta africana,#1819147,99,Forest Elephant Telemetry Programme
12767459,TRUE,2000/11/26 21:01,16.664518,2.578919,24,gps,Loxodonta africana,#1819147,99,Forest Elephant Telemetry Programme
12767460,TRUE,2000/11/26 22:01,16.664294,2.578605,23.5,gps,Loxodonta africana,#1819147,99,Forest Elephant Telemetry Programme
12767461,TRUE,2000/11/26 23:02,16.664371,2.578452,23.5,gps,Loxodonta africana,#1819147,99,Forest Elephant Telemetry Programme
12767462,TRUE,2000/11/27 0:01,16.664258,2.578431,23.5,gps,Loxodonta africana,#1819147,99,Forest Elephant Telemetry Programme
12767463,TRUE,2000/11/27 2:02,16.664535,2.578417,24,gps,Loxodonta africana,#1819147,99,Forest Elephant Telemetry Programme
12767464,TRUE,2000/11/27 3:02,16.663626,2.578521,23,gps,Loxodonta africana,#1819147,99,Forest Elephant Telemetry Programme
12767465,TRUE,2000/11/27 4:01,16.66114,2.579809,22,gps,Loxodonta africana,#1819147,99,Forest Elephant Telemetry Programme
12767466,TRUE,2000/11/27 5:02,16.658924,2.580798,21.5,gps,Loxodonta africana,#1819147,99,Forest Elephant Telemetry Programme
12767467,TRUE,2000/11/27 6:01,16.658243,2.580558,21,gps,Loxodonta africana,#1819147,99,Forest Elephant Telemetry Programme
12767468,TRUE,2000/11/27 7:03,16.651091,2.581729,21,gps,Loxodonta africana,#1819147,99,Forest Elephant Telemetry Programme
12767469,TRUE,2000/11/27 8:01,16.64661,2.580735,21.5,gps,Loxodonta africana,#1819147,99,Forest Elephant Telemetry Programme
12767470,TRUE,2000/11/27 9:01,16.639382,2.579403,23,gps,Loxodonta africana,#1819147,99,Forest Elephant Telemetry Programme
12767471,TRUE,2000/11/27 10:01,16.637491,2.579064,24.5,gps,Loxodonta africana,#1819147,99,Forest Elephant Telemetry Programme
12767472,TRUE,2000/11/27 12:02,16.637265,2.574805,25.5,gps,Loxodonta africana,#1819147,99,Forest Elephant Telemetry Programme
12767473,TRUE,2000/11/27 13:01,16.637234,2.574623,25.5,gps,Loxodonta africana,#1819147,99,Forest Elephant Telemetry Programme
12767474,TRUE,2000/11/27 14:01,16.637211,2.570444,25.5,gps,Loxodonta africana,#1819147,99,Forest Elephant Telemetry Programme
12767475,TRUE,2000/11/27 15:02,16.637532,2.570497,26,gps,Loxodonta africana,#1819147,99,Forest Elephant Telemetry Programme
12767476,TRUE,2000/11/27 16:02,16.638851,2.570056,25.5,gps,Loxodonta africana,#1819147,99,Forest Elephant Telemetry Programme
12767477,TRUE,2000/11/27 17:02,16.641224,2.570017,25.5,gps,Loxodonta africana,#1819147,99,Forest Elephant Telemetry Programme
12767478,TRUE,2000/11/27 19:02,16.641768,2.569283,24,gps,Loxodonta africana,#1819147,99,Forest Elephant Telemetry Programme
12767479,TRUE,2000/11/27 20:01,16.641709,2.569223,24,gps,Loxodonta africana,#1819147,99,Forest Elephant Telemetry Programme
12767480,TRUE,2000/11/27 21:01,16.643224,2.567924,23.5,gps,Loxodonta africana,#1819147,99,Forest Elephant Telemetry Programme
12767481,TRUE,2000/11/27 22:01,16.646237,2.568303,23.5,gps,Loxodonta africana,#1819147,99,Forest Elephant Telemetry Programme
12767482,TRUE,2000/11/27 23:02,16.649415,2.569829,23.5,gps,Loxodonta africana,#1819147,99,Forest Elephant Telemetry Programme
12767483,TRUE,2000/11/28 0:02,16.652577,2.568978,23.5,gps,Loxodonta africana,#1819147,99,Forest Elephant Telemetry Programme
12767484,TRUE,2000/11/28 1:01,16.655502,2.569388,23,gps,Loxodonta africana,#1819147,99,Forest Elephant Telemetry Programme
12767485,TRUE,2000/11/28 3:03,16.655348,2.569457,23,gps,Loxodonta africana,#1819147,99,Forest Elephant Telemetry Programme
12767486,TRUE,2000/11/28 5:02,16.655547,2.569909,22.5,gps,Loxodonta africana,#1819147,99,Forest Elephant Telemetry Programme
12767487,TRUE,2000/11/28 6:01,16.654692,2.571262,21.5,gps,Loxodonta africana,#1819147,99,Forest Elephant Telemetry Programme
12767488,TRUE,2000/11/28 7:01,16.653538,2.571372,21.5,gps,Loxodonta africana,#1819147,99,Forest Elephant Telemetry Programme
12767489,TRUE,2000/11/28 9:01,16.651164,2.5752,23.5,gps,Loxodonta africana,#1819147,99,Forest Elephant Telemetry Programme
12767490,TRUE,2000/11/28 10:01,16.64804,2.574648,24.5,gps,Loxodonta africana,#1819147,99,Forest Elephant Telemetry Programme
12767491,TRUE,2000/11/28 11:02,16.647606,2.5704,25.5,gps,Loxodonta africana,#1819147,99,Forest Elephant Telemetry Programme
12767492,TRUE,2000/11/28 12:01,16.647236,2.570417,25.5,gps,Loxodonta africana,#1819147,99,Forest Elephant Telemetry Programme
12767493,TRUE,2000/11/28 13:02,16.645245,2.573901,26,gps,Loxodonta africana,#1819147,99,Forest Elephant Telemetry Programme
12767494,TRUE,2000/11/28 16:02,16.646369,2.583534,26.5,gps,Loxodonta africana,#1819147,99,Forest Elephant Telemetry Programme
12767495,TRUE,2000/11/28 17:01,16.644661,2.58409,26.5,gps,Loxodonta africana,#1819147,99,Forest Elephant Telemetry Programme
12767496,TRUE,2000/11/28 18:02,16.644278,2.58752,26,gps,Loxodonta africana,#1819147,99,Forest Elephant Telemetry Programme
12767497,TRUE,2000/11/28 19:02,16.643709,2.587638,25.5,gps,Loxodonta africana,#1819147,99,Forest Elephant Telemetry Programme
12767498,TRUE,2000/11/28 20:01,16.643545,2.588078,24.5,gps,Loxodonta africana,#1819147,99,Forest Elephant Telemetry Programme
12767499,TRUE,2000/11/28 21:02,16.64267,2.589426,24,gps,Loxodonta africana,#1819147,99,Forest Elephant Telemetry Programme
12767500,TRUE,2000/11/28 22:02,16.642956,2.589601,24,gps,Loxodonta africana,#1819147,99,Forest Elephant Telemetry Programme
12767501,TRUE,2000/11/28 23:01,16.643759,2.590232,24,gps,Loxodonta africana,#1819147,99,Forest Elephant Telemetry Programme
12767502,TRUE,2000/11/29 0:01,16.645568,2.590031,23.5,gps,Loxodonta africana,#1819147,99,Forest Elephant Telemetry Programme
12767503,TRUE,2000/11/29 1:01,16.647625,2.591306,23.5,gps,Loxodonta africana,#1819147,99,Forest Elephant Telemetry Programme
12767504,TRUE,2000/11/29 5:02,16.646932,2.594201,23.5,gps,Loxodonta africana,#1819147,99,Forest Elephant Telemetry Programme
12767505,TRUE,2000/11/29 6:01,16.646816,2.595319,23,gps,Loxodonta africana,#1819147,99,Forest Elephant Telemetry Programme
12767506,TRUE,2000/11/29 7:01,16.645423,2.596849,23,gps,Loxodonta africana,#1819147,99,Forest Elephant Telemetry Programme
12767507,TRUE,2000/11/29 8:01,16.648867,2.592815,23.5,gps,Loxodonta africana,#1819147,99,Forest Elephant Telemetry Programme
12767508,TRUE,2000/11/29 9:02,16.652389,2.592272,23.5,gps,Loxodonta africana,#1819147,99,Forest Elephant Telemetry Programme
12767509,TRUE,2000/11/29 10:02,16.657264,2.59179,24.5,gps,Loxodonta africana,#1819147,99,Forest Elephant Telemetry Programme
12767510,TRUE,2000/11/29 11:02,16.659379,2.590578,25,gps,Loxodonta africana,#1819147,99,Forest Elephant Telemetry Programme
12767511,TRUE,2000/11/29 13:01,16.654541,2.586161,25.5,gps,Loxodonta africana,#1819147,99,Forest Elephant Telemetry Programme
12767512,TRUE,2000/11/29 15:02,16.664549,2.579776,26,gps,Loxodonta africana,#1819147,99,Forest Elephant Telemetry Programme
12767513,TRUE,2000/11/29 16:02,16.665537,2.578828,26,gps,Loxodonta africana,#1819147,99,Forest Elephant Telemetry Programme
12767514,TRUE,2000/11/29 17:02,16.666069,2.574063,26,gps,Loxodonta africana,#1819147,99,Forest Elephant Telemetry Programme
12767515,TRUE,2000/11/29 18:01,16.669338,2.572327,25.5,gps,Loxodonta africana,#1819147,99,Forest Elephant Telemetry Programme
12767516,TRUE,2000/11/29 19:01,16.670344,2.570048,25,gps,Loxodonta africana,#1819147,99,Forest Elephant Telemetry Programme
12767517,TRUE,2000/11/29 20:02,16.672071,2.568106,24.5,gps,Loxodonta africana,#1819147,99,Forest Elephant Telemetry Programme
12767518,TRUE,2000/11/29 21:01,16.672986,2.565759,24.5,gps,Loxodonta africana,#1819147,99,Forest Elephant Telemetry Programme
12767519,TRUE,2000/11/29 22:02,16.673276,2.564292,24.5,gps,Loxodonta africana,#1819147,99,Forest Elephant Telemetry Programme
12767520,TRUE,2000/11/29 23:02,16.672439,2.561766,24.5,gps,Loxodonta africana,#1819147,99,Forest Elephant Telemetry Programme
12767521,TRUE,2000/11/30 0:02,16.673801,2.561696,24.5,gps,Loxodonta africana,#1819147,99,Forest Elephant Telemetry Programme
12767522,TRUE,2000/11/30 1:01,16.677331,2.561135,24,gps,Loxodonta africana,#1819147,99,Forest Elephant Telemetry Programme
12767523,TRUE,2000/11/30 2:02,16.678007,2.561447,23.5,gps,Loxodonta africana,#1819147,99,Forest Elephant Telemetry Programme
12767524,TRUE,2000/11/30 4:01,16.678265,2.561786,24,gps,Loxodonta africana,#1819147,99,Forest Elephant Telemetry Programme
12767525,TRUE,2000/11/30 6:02,16.678652,2.561519,23,gps,Loxodonta africana,#1819147,99,Forest Elephant Telemetry Programme
12767526,TRUE,2000/11/30 7:01,16.678546,2.561409,22.5,gps,Loxodonta africana,#1819147,99,Forest Elephant Telemetry Programme
12767527,TRUE,2000/11/30 8:01,16.678751,2.561265,23,gps,Loxodonta africana,#1819147,99,Forest Elephant Telemetry Programme
12767528,TRUE,2000/11/30 9:01,16.680782,2.562278,23.5,gps,Loxodonta africana,#1819147,99,Forest Elephant Telemetry Programme
12767529,TRUE,2000/11/30 10:02,16.68163,2.556569,24,gps,Loxodonta africana,#1819147,99,Forest Elephant Telemetry Programme
12767530,TRUE,2000/11/30 16:02,16.678281,2.538263,26,gps,Loxodonta africana,#1819147,99,Forest Elephant Telemetry Programme
12767531,TRUE,2000/11/30 17:02,16.676067,2.537769,25.5,gps,Loxodonta africana,#1819147,99,Forest Elephant Telemetry Programme
12767532,TRUE,2000/11/30 18:02,16.674343,2.538046,23.5,gps,Loxodonta africana,#1819147,99,Forest Elephant Telemetry Programme
12767533,TRUE,2000/11/30 19:02,16.67366,2.537858,22.5,gps,Loxodonta africana,#1819147,99,Forest Elephant Telemetry Programme
12767534,TRUE,2000/11/30 20:01,16.673532,2.537773,22.5,gps,Loxodonta africana,#1819147,99,Forest Elephant Telemetry Programme
12767535,TRUE,2000/11/30 21:01,16.675358,2.533059,22.5,gps,Loxodonta africana,#1819147,99,Forest Elephant Telemetry Programme
12767536,TRUE,2000/11/30 22:02,16.672786,2.534278,22,gps,Loxodonta africana,#1819147,99,Forest Elephant Telemetry Programme
12767537,TRUE,2000/12/1 0:02,16.668682,2.536955,22,gps,Loxodonta africana,#1819147,99,Forest Elephant Telemetry Programme
12767538,TRUE,2000/12/1 1:02,16.668464,2.537311,22,gps,Loxodonta africana,#1819147,99,Forest Elephant Telemetry Programme
12767539,TRUE,2000/12/1 2:02,16.667869,2.538869,22,gps,Loxodonta africana,#1819147,99,Forest Elephant Telemetry Programme
12767540,TRUE,2000/12/1 4:01,16.668484,2.540538,22,gps,Loxodonta africana,#1819147,99,Forest Elephant Telemetry Programme
12767541,TRUE,2000/12/1 5:01,16.667887,2.541364,22,gps,Loxodonta africana,#1819147,99,Forest Elephant Telemetry Programme
12767542,TRUE,2000/12/1 6:02,16.666385,2.544821,22,gps,Loxodonta africana,#1819147,99,Forest Elephant Telemetry Programme
12767543,TRUE,2000/12/1 7:01,16.665544,2.546375,22,gps,Loxodonta africana,#1819147,99,Forest Elephant Telemetry Programme
12767544,TRUE,2000/12/1 8:02,16.664318,2.547181,22.5,gps,Loxodonta africana,#1819147,99,Forest Elephant Telemetry Programme
12767545,TRUE,2000/12/1 10:02,16.665488,2.550506,22.5,gps,Loxodonta africana,#1819147,99,Forest Elephant Telemetry Programme
12767546,TRUE,2000/12/1 11:01,16.664769,2.550763,23,gps,Loxodonta africana,#1819147,99,Forest Elephant Telemetry Programme
12767547,TRUE,2000/12/1 19:02,16.655535,2.567675,23.5,gps,Loxodonta africana,#1819147,99,Forest Elephant Telemetry Programme
12767548,TRUE,2000/12/1 20:01,16.655039,2.568757,23,gps,Loxodonta africana,#1819147,99,Forest Elephant Telemetry Programme
12767549,TRUE,2000/12/1 21:01,16.654003,2.570891,22.5,gps,Loxodonta africana,#1819147,99,Forest Elephant Telemetry Programme
12767550,TRUE,2000/12/1 22:01,16.654004,2.571319,22.5,gps,Loxodonta africana,#1819147,99,Forest Elephant Telemetry Programme
12767551,TRUE,2000/12/1 23:02,16.652969,2.570999,22.5,gps,Loxodonta africana,#1819147,99,Forest Elephant Telemetry Programme
12767552,TRUE,2000/12/2 0:02,16.650803,2.568941,22.5,gps,Loxodonta africana,#1819147,99,Forest Elephant Telemetry Programme
12767553,TRUE,2000/12/2 1:01,16.647943,2.570026,22.5,gps,Loxodonta africana,#1819147,99,Forest Elephant Telemetry Programme
12767554,TRUE,2000/12/2 2:02,16.646596,2.571664,22.5,gps,Loxodonta africana,#1819147,99,Forest Elephant Telemetry Programme
12767555,TRUE,2000/12/2 6:02,16.645779,2.572114,22.5,gps,Loxodonta africana,#1819147,99,Forest Elephant Telemetry Programme
12767556,TRUE,2000/12/2 7:02,16.641784,2.569126,22,gps,Loxodonta africana,#1819147,99,Forest Elephant Telemetry Programme
12767557,TRUE,2000/12/2 8:02,16.641338,2.569299,22.5,gps,Loxodonta africana,#1819147,99,Forest Elephant Telemetry Programme
12767558,TRUE,2000/12/2 9:01,16.640548,2.567145,23,gps,Loxodonta africana,#1819147,99,Forest Elephant Telemetry Programme
12767559,TRUE,2000/12/2 10:03,16.637655,2.570421,23,gps,Loxodonta africana,#1819147,99,Forest Elephant Telemetry Programme
12767560,TRUE,2000/12/2 12:02,16.636974,2.571346,23.5,gps,Loxodonta africana,#1819147,99,Forest Elephant Telemetry Programme
12767561,TRUE,2000/12/2 15:01,16.636282,2.577186,25,gps,Loxodonta africana,#1819147,99,Forest Elephant Telemetry Programme
12767562,TRUE,2000/12/2 18:02,16.633415,2.586202,25,gps,Loxodonta africana,#1819147,99,Forest Elephant Telemetry Programme
12767563,TRUE,2000/12/2 21:02,16.625372,2.604349,24,gps,Loxodonta africana,#1819147,99,Forest Elephant Telemetry Programme
12767564,TRUE,2000/12/3 0:03,16.601813,2.641371,22.5,gps,Loxodonta africana,#1819147,99,Forest Elephant Telemetry Programme
12767565,TRUE,2000/12/3 3:01,16.573414,2.657214,21.5,gps,Loxodonta africana,#1819147,99,Forest Elephant Telemetry Programme
12767566,TRUE,2000/12/3 6:02,16.557816,2.654588,21,gps,Loxodonta africana,#1819147,99,Forest Elephant Telemetry Programme
12767567,TRUE,2000/12/3 9:03,16.555716,2.660166,23.5,gps,Loxodonta africana,#1819147,99,Forest Elephant Telemetry Programme
12767568,TRUE,2000/12/3 12:02,16.557546,2.658797,25.5,gps,Loxodonta africana,#1819147,99,Forest Elephant Telemetry Programme
12767569,TRUE,2000/12/3 18:01,16.573546,2.657202,25,gps,Loxodonta africana,#1819147,99,Forest Elephant Telemetry Programme
12767570,TRUE,2000/12/3 21:01,16.573588,2.65717,22.5,gps,Loxodonta africana,#1819147,99,Forest Elephant Telemetry Programme
12767571,TRUE,2000/12/4 0:01,16.573556,2.657197,22,gps,Loxodonta africana,#1819147,99,Forest Elephant Telemetry Programme
12767572,TRUE,2000/12/4 3:02,16.56948,2.676091,22,gps,Loxodonta africana,#1819147,99,Forest Elephant Telemetry Programme
12767573,TRUE,2000/12/4 6:03,16.563658,2.684688,21.5,gps,Loxodonta africana,#1819147,99,Forest Elephant Telemetry Programme
12767574,TRUE,2000/12/4 9:02,16.567824,2.697977,23.5,gps,Loxodonta africana,#1819147,99,Forest Elephant Telemetry Programme
12767575,TRUE,2000/12/4 18:01,16.573533,2.65721,24,gps,Loxodonta africana,#1819147,99,Forest Elephant Telemetry Programme
12767576,TRUE,2000/12/4 21:01,16.571246,2.659341,22,gps,Loxodonta africana,#1819147,99,Forest Elephant Telemetry Programme
12767577,TRUE,2000/12/5 3:03,16.549088,2.657371,20,gps,Loxodonta africana,#1819147,99,Forest Elephant Telemetry Programme
12767578,TRUE,2000/12/5 6:02,16.546352,2.657544,20.5,gps,Loxodonta africana,#1819147,99,Forest Elephant Telemetry Programme
12767579,TRUE,2000/12/5 12:02,16.542311,2.666157,24.5,gps,Loxodonta africana,#1819147,99,Forest Elephant Telemetry Programme
12767580,TRUE,2000/12/5 15:02,16.552691,2.662447,25,gps,Loxodonta africana,#1819147,99,Forest Elephant Telemetry Programme
12767581,TRUE,2000/12/5 18:01,16.573408,2.657127,24,gps,Loxodonta africana,#1819147,99,Forest Elephant Telemetry Programme
12767582,TRUE,2000/12/5 21:02,16.575682,2.655401,22.5,gps,Loxodonta africana,#1819147,99,Forest Elephant Telemetry Programme
12767583,TRUE,2000/12/6 0:01,16.573534,2.65719,21.5,gps,Loxodonta africana,#1819147,99,Forest Elephant Telemetry Programme
12767584,TRUE,2000/12/6 3:02,16.589337,2.658059,21,gps,Loxodonta africana,#1819147,99,Forest Elephant Telemetry Programme
12767585,TRUE,2000/12/6 9:01,16.605159,2.656312,22.5,gps,Loxodonta africana,#1819147,99,Forest Elephant Telemetry Programme
12767586,TRUE,2000/12/6 15:02,16.610009,2.651489,25,gps,Loxodonta africana,#1819147,99,Forest Elephant Telemetry Programme
12767587,TRUE,2000/12/6 18:02,16.617293,2.650385,24.5,gps,Loxodonta africana,#1819147,99,Forest Elephant Telemetry Programme
12767588,TRUE,2000/12/7 0:03,16.622239,2.64937,20.5,gps,Loxodonta africana,#1819147,99,Forest Elephant Telemetry Programme
12767589,TRUE,2000/12/7 6:02,16.623274,2.649409,22,gps,Loxodonta africana,#1819147,99,Forest Elephant Telemetry Programme
12767590,TRUE,2000/12/7 9:02,16.623155,2.648312,23,gps,Loxodonta africana,#1819147,99,Forest Elephant Telemetry Programme
12767591,TRUE,2000/12/7 12:02,16.620979,2.639325,24.5,gps,Loxodonta africana,#1819147,99,Forest Elephant Telemetry Programme
12767592,TRUE,2000/12/7 15:03,16.622377,2.641115,23.5,gps,Loxodonta africana,#1819147,99,Forest Elephant Telemetry Programme
12767593,TRUE,2000/12/7 18:02,16.633471,2.647914,23,gps,Loxodonta africana,#1819147,99,Forest Elephant Telemetry Programme
12767594,TRUE,2000/12/8 0:01,16.66189,2.636439,20.5,gps,Loxodonta africana,#1819147,99,Forest Elephant Telemetry Programme
12767595,TRUE,2000/12/8 3:03,16.663031,2.635553,20,gps,Loxodonta africana,#1819147,99,Forest Elephant Telemetry Programme
12767596,TRUE,2000/12/8 6:02,16.66223,2.635722,20,gps,Loxodonta africana,#1819147,99,Forest Elephant Telemetry Programme
12767597,TRUE,2000/12/8 9:02,16.668453,2.631583,20.5,gps,Loxodonta africana,#1819147,99,Forest Elephant Telemetry Programme
12767598,TRUE,2000/12/8 15:02,16.673564,2.622433,25.5,gps,Loxodonta africana,#1819147,99,Forest Elephant Telemetry Programme
12767599,TRUE,2000/12/8 18:02,16.672188,2.624489,25,gps,Loxodonta africana,#1819147,99,Forest Elephant Telemetry Programme
12767600,TRUE,2000/12/8 21:01,16.665092,2.624142,23.5,gps,Loxodonta africana,#1819147,99,Forest Elephant Telemetry Programme
12767601,TRUE,2000/12/9 0:01,16.662609,2.623196,21.5,gps,Loxodonta africana,#1819147,99,Forest Elephant Telemetry Programme
12767602,TRUE,2000/12/9 6:02,16.66286,2.619696,23,gps,Loxodonta africana,#1819147,99,Forest Elephant Telemetry Programme
12767603,TRUE,2000/12/9 12:02,16.646808,2.613328,23,gps,Loxodonta africana,#1819147,99,Forest Elephant Telemetry Programme
12767604,TRUE,2000/12/9 15:01,16.643828,2.614609,23.5,gps,Loxodonta africana,#1819147,99,Forest Elephant Telemetry Programme
12767605,TRUE,2000/12/9 21:02,16.62941,2.627596,22,gps,Loxodonta africana,#1819147,99,Forest Elephant Telemetry Programme
12767606,TRUE,2000/12/10 0:02,16.628676,2.628206,21,gps,Loxodonta africana,#1819147,99,Forest Elephant Telemetry Programme
12767607,TRUE,2000/12/10 6:02,16.627226,2.62988,20.5,gps,Loxodonta africana,#1819147,99,Forest Elephant Telemetry Programme
12767608,TRUE,2000/12/10 9:01,16.623745,2.632986,22.5,gps,Loxodonta africana,#1819147,99,Forest Elephant Telemetry Programme
12767609,TRUE,2000/12/10 15:03,16.616907,2.642283,24.5,gps,Loxodonta africana,#1819147,99,Forest Elephant Telemetry Programme
12767610,TRUE,2000/12/10 18:02,16.601052,2.641893,23.5,gps,Loxodonta africana,#1819147,99,Forest Elephant Telemetry Programme
12767611,TRUE,2000/12/10 21:01,16.573481,2.657184,21,gps,Loxodonta africana,#1819147,99,Forest Elephant Telemetry Programme
12767612,TRUE,2000/12/11 0:02,16.557574,2.651783,20.5,gps,Loxodonta africana,#1819147,99,Forest Elephant Telemetry Programme
12767613,TRUE,2000/12/11 3:01,16.546059,2.651115,20.5,gps,Loxodonta africana,#1819147,99,Forest Elephant Telemetry Programme
12767614,TRUE,2000/12/11 6:02,16.544563,2.65132,20,gps,Loxodonta africana,#1819147,99,Forest Elephant Telemetry Programme
12767615,TRUE,2000/12/11 9:02,16.545726,2.647499,21,gps,Loxodonta africana,#1819147,99,Forest Elephant Telemetry Programme
12767616,TRUE,2000/12/11 12:02,16.545697,2.65223,22.5,gps,Loxodonta africana,#1819147,99,Forest Elephant Telemetry Programme
12767617,TRUE,2000/12/11 15:02,16.555921,2.659661,24,gps,Loxodonta africana,#1819147,99,Forest Elephant Telemetry Programme
12767618,TRUE,2000/12/11 18:01,16.573547,2.657187,23.5,gps,Loxodonta africana,#1819147,99,Forest Elephant Telemetry Programme
12767619,TRUE,2000/12/11 21:01,16.577326,2.652696,20.5,gps,Loxodonta africana,#1819147,99,Forest Elephant Telemetry Programme
12767620,TRUE,2000/12/12 0:02,16.578876,2.648058,19.5,gps,Loxodonta africana,#1819147,99,Forest Elephant Telemetry Programme
12767621,TRUE,2000/12/12 3:01,16.571696,2.657225,18.5,gps,Loxodonta africana,#1819147,99,Forest Elephant Telemetry Programme
12767622,TRUE,2000/12/12 6:02,16.553459,2.662371,18.5,gps,Loxodonta africana,#1819147,99,Forest Elephant Telemetry Programme
12767623,TRUE,2000/12/12 9:02,16.551804,2.660005,20,gps,Loxodonta africana,#1819147,99,Forest Elephant Telemetry Programme
12767624,TRUE,2000/12/12 15:01,16.558214,2.652993,24.5,gps,Loxodonta africana,#1819147,99,Forest Elephant Telemetry Programme
12767625,TRUE,2000/12/12 18:01,16.573479,2.657174,23,gps,Loxodonta africana,#1819147,99,Forest Elephant Telemetry Programme
12767626,TRUE,2000/12/12 21:01,16.568104,2.657638,21.5,gps,Loxodonta africana,#1819147,99,Forest Elephant Telemetry Programme
12767627,TRUE,2000/12/13 0:01,16.573534,2.657153,20.5,gps,Loxodonta africana,#1819147,99,Forest Elephant Telemetry Programme
12767628,TRUE,2000/12/13 3:02,16.577305,2.642581,19.5,gps,Loxodonta africana,#1819147,99,Forest Elephant Telemetry Programme
12767629,TRUE,2000/12/13 6:02,16.577502,2.640756,19,gps,Loxodonta africana,#1819147,99,Forest Elephant Telemetry Programme
12767630,TRUE,2000/12/13 9:02,16.579876,2.636388,21.5,gps,Loxodonta africana,#1819147,99,Forest Elephant Telemetry Programme
12767631,TRUE,2000/12/13 15:02,16.585512,2.639738,26,gps,Loxodonta africana,#1819147,99,Forest Elephant Telemetry Programme
12767632,TRUE,2000/12/13 18:01,16.573509,2.657159,23,gps,Loxodonta africana,#1819147,99,Forest Elephant Telemetry Programme
12767633,TRUE,2000/12/13 21:01,16.578061,2.654588,22,gps,Loxodonta africana,#1819147,99,Forest Elephant Telemetry Programme
12767634,TRUE,2000/12/14 0:01,16.56132,2.655956,20,gps,Loxodonta africana,#1819147,99,Forest Elephant Telemetry Programme
12767635,TRUE,2000/12/14 3:01,16.547865,2.658002,19.5,gps,Loxodonta africana,#1819147,99,Forest Elephant Telemetry Programme
12767636,TRUE,2000/12/14 6:01,16.545747,2.657508,19,gps,Loxodonta africana,#1819147,99,Forest Elephant Telemetry Programme
12767637,TRUE,2000/12/14 9:03,16.53095,2.661411,20.5,gps,Loxodonta africana,#1819147,99,Forest Elephant Telemetry Programme
12767638,TRUE,2000/12/14 15:02,16.535308,2.665654,25.5,gps,Loxodonta africana,#1819147,99,Forest Elephant Telemetry Programme
12767639,TRUE,2000/12/14 21:02,16.539351,2.674407,21.5,gps,Loxodonta africana,#1819147,99,Forest Elephant Telemetry Programme
12767640,TRUE,2000/12/15 0:02,16.553226,2.673529,19,gps,Loxodonta africana,#1819147,99,Forest Elephant Telemetry Programme
12767641,TRUE,2000/12/15 3:01,16.573454,2.657189,17,gps,Loxodonta africana,#1819147,99,Forest Elephant Telemetry Programme
12767642,TRUE,2000/12/15 6:01,16.565953,2.649404,16.5,gps,Loxodonta africana,#1819147,99,Forest Elephant Telemetry Programme
12767643,TRUE,2000/12/15 12:02,16.550776,2.642489,23,gps,Loxodonta africana,#1819147,99,Forest Elephant Telemetry Programme
12767644,TRUE,2000/12/15 15:02,16.550244,2.652801,25,gps,Loxodonta africana,#1819147,99,Forest Elephant Telemetry Programme
12767645,TRUE,2000/12/15 18:02,16.57212,2.655022,24,gps,Loxodonta africana,#1819147,99,Forest Elephant Telemetry Programme
12767646,TRUE,2000/12/15 21:02,16.57137,2.659007,20,gps,Loxodonta africana,#1819147,99,Forest Elephant Telemetry Programme
12767647,TRUE,2000/12/16 0:01,16.573504,2.657199,19.5,gps,Loxodonta africana,#1819147,99,Forest Elephant Telemetry Programme
12767648,TRUE,2000/12/16 3:02,16.550406,2.657423,18.5,gps,Loxodonta africana,#1819147,99,Forest Elephant Telemetry Programme
12767649,TRUE,2000/12/16 6:02,16.530192,2.657153,18,gps,Loxodonta africana,#1819147,99,Forest Elephant Telemetry Programme
12767650,TRUE,2000/12/16 9:01,16.528011,2.658581,20.5,gps,Loxodonta africana,#1819147,99,Forest Elephant Telemetry Programme
12767651,TRUE,2000/12/16 12:02,16.531513,2.662416,24,gps,Loxodonta africana,#1819147,99,Forest Elephant Telemetry Programme
12767652,TRUE,2000/12/16 18:02,16.531446,2.669253,22.5,gps,Loxodonta africana,#1819147,99,Forest Elephant Telemetry Programme
12767653,TRUE,2000/12/16 21:01,16.529901,2.668851,21,gps,Loxodonta africana,#1819147,99,Forest Elephant Telemetry Programme
12767654,TRUE,2000/12/17 3:02,16.530022,2.66952,20,gps,Loxodonta africana,#1819147,99,Forest Elephant Telemetry Programme
12767655,TRUE,2000/12/17 6:02,16.525714,2.667812,17,gps,Loxodonta africana,#1819147,99,Forest Elephant Telemetry Programme
12767656,TRUE,2000/12/17 9:03,16.518011,2.667189,19,gps,Loxodonta africana,#1819147,99,Forest Elephant Telemetry Programme
12767657,TRUE,2000/12/17 18:02,16.57367,2.656373,23.5,gps,Loxodonta africana,#1819147,99,Forest Elephant Telemetry Programme
12767658,TRUE,2000/12/17 21:01,16.573543,2.657181,20.5,gps,Loxodonta africana,#1819147,99,Forest Elephant Telemetry Programme
12767659,TRUE,2000/12/18 0:03,16.575291,2.668383,20,gps,Loxodonta africana,#1819147,99,Forest Elephant Telemetry Programme
12767660,TRUE,2000/12/18 3:02,16.574778,2.665698,20,gps,Loxodonta africana,#1819147,99,Forest Elephant Telemetry Programme
12767661,TRUE,2000/12/18 15:02,16.558418,2.644628,27,gps,Loxodonta africana,#1819147,99,Forest Elephant Telemetry Programme
12767662,TRUE,2000/12/18 18:01,16.573521,2.657186,26,gps,Loxodonta africana,#1819147,99,Forest Elephant Telemetry Programme
12767663,TRUE,2000/12/18 21:01,16.567723,2.661416,23,gps,Loxodonta africana,#1819147,99,Forest Elephant Telemetry Programme
12767664,TRUE,2000/12/19 0:02,16.572745,2.658158,23,gps,Loxodonta africana,#1819147,99,Forest Elephant Telemetry Programme
12767665,TRUE,2000/12/19 3:02,16.557884,2.668876,21.5,gps,Loxodonta africana,#1819147,99,Forest Elephant Telemetry Programme
12767666,TRUE,2000/12/19 6:02,16.541322,2.676568,20.5,gps,Loxodonta africana,#1819147,99,Forest Elephant Telemetry Programme
12767667,TRUE,2000/12/19 9:02,16.538238,2.673444,22.5,gps,Loxodonta africana,#1819147,99,Forest Elephant Telemetry Programme
12767668,TRUE,2000/12/19 12:02,16.535924,2.671263,25,gps,Loxodonta africana,#1819147,99,Forest Elephant Telemetry Programme
12767669,TRUE,2000/12/19 15:02,16.534275,2.668132,25.5,gps,Loxodonta africana,#1819147,99,Forest Elephant Telemetry Programme
12767670,TRUE,2000/12/19 18:02,16.537275,2.664986,25,gps,Loxodonta africana,#1819147,99,Forest Elephant Telemetry Programme
12767671,TRUE,2000/12/19 21:01,16.539059,2.665983,24.5,gps,Loxodonta africana,#1819147,99,Forest Elephant Telemetry Programme
12767672,TRUE,2000/12/20 3:01,16.573414,2.657213,23.5,gps,Loxodonta africana,#1819147,99,Forest Elephant Telemetry Programme
12767673,TRUE,2000/12/20 6:02,16.589516,2.668005,23,gps,Loxodonta africana,#1819147,99,Forest Elephant Telemetry Programme
12767674,TRUE,2000/12/20 9:02,16.599866,2.671276,24,gps,Loxodonta africana,#1819147,99,Forest Elephant Telemetry Programme
12767675,TRUE,2000/12/20 12:02,16.600942,2.673371,25,gps,Loxodonta africana,#1819147,99,Forest Elephant Telemetry Programme
12767676,TRUE,2000/12/20 18:02,16.577157,2.657534,24.5,gps,Loxodonta africana,#1819147,99,Forest Elephant Telemetry Programme
12767677,TRUE,2000/12/20 21:02,16.570505,2.66043,23.5,gps,Loxodonta africana,#1819147,99,Forest Elephant Telemetry Programme
12767678,TRUE,2000/12/21 0:02,16.567463,2.662077,23.5,gps,Loxodonta africana,#1819147,99,Forest Elephant Telemetry Programme
12767679,TRUE,2000/12/21 3:02,16.568991,2.656892,23,gps,Loxodonta africana,#1819147,99,Forest Elephant Telemetry Programme
12767680,TRUE,2000/12/21 12:02,16.536506,2.651501,25,gps,Loxodonta africana,#1819147,99,Forest Elephant Telemetry Programme
12767681,TRUE,2000/12/21 18:01,16.546427,2.657229,25.5,gps,Loxodonta africana,#1819147,99,Forest Elephant Telemetry Programme
12767682,TRUE,2000/12/21 21:01,16.573404,2.657159,24,gps,Loxodonta africana,#1819147,99,Forest Elephant Telemetry Programme
12767683,TRUE,2000/12/22 0:02,16.582279,2.650208,23,gps,Loxodonta africana,#1819147,99,Forest Elephant Telemetry Programme
12767684,TRUE,2000/12/22 3:01,16.573557,2.657171,20.5,gps,Loxodonta africana,#1819147,99,Forest Elephant Telemetry Programme
12767685,TRUE,2000/12/22 6:02,16.577822,2.668229,19.5,gps,Loxodonta africana,#1819147,99,Forest Elephant Telemetry Programme
12767686,TRUE,2000/12/22 18:02,16.57982,2.663718,24.5,gps,Loxodonta africana,#1819147,99,Forest Elephant Telemetry Programme
12767687,TRUE,2000/12/22 21:02,16.569472,2.656604,23,gps,Loxodonta africana,#1819147,99,Forest Elephant Telemetry Programme
12767688,TRUE,2000/12/23 0:02,16.559751,2.656974,23,gps,Loxodonta africana,#1819147,99,Forest Elephant Telemetry Programme
12767689,TRUE,2000/12/23 3:02,16.554876,2.658857,22.5,gps,Loxodonta africana,#1819147,99,Forest Elephant Telemetry Programme
12767690,TRUE,2000/12/23 6:02,16.550071,2.656332,22,gps,Loxodonta africana,#1819147,99,Forest Elephant Telemetry Programme
12767691,TRUE,2000/12/23 15:02,16.536811,2.66686,22.5,gps,Loxodonta africana,#1819147,99,Forest Elephant Telemetry Programme
12767692,TRUE,2000/12/23 21:02,16.535554,2.673624,22.5,gps,Loxodonta africana,#1819147,99,Forest Elephant Telemetry Programme
12767693,TRUE,2000/12/24 3:03,16.535501,2.673434,23,gps,Loxodonta africana,#1819147,99,Forest Elephant Telemetry Programme
12767694,TRUE,2000/12/24 6:03,16.528421,2.674226,20,gps,Loxodonta africana,#1819147,99,Forest Elephant Telemetry Programme
12767695,TRUE,2000/12/24 12:02,16.518961,2.667908,24,gps,Loxodonta africana,#1819147,99,Forest Elephant Telemetry Programme
12767696,TRUE,2000/12/24 15:02,16.521348,2.666155,24.5,gps,Loxodonta africana,#1819147,99,Forest Elephant Telemetry Programme
12767697,TRUE,2000/12/24 18:02,16.549076,2.658037,24,gps,Loxodonta africana,#1819147,99,Forest Elephant Telemetry Programme
12767698,TRUE,2000/12/24 21:01,16.573187,2.657276,22.5,gps,Loxodonta africana,#1819147,99,Forest Elephant Telemetry Programme
12767699,TRUE,2000/12/25 0:01,16.567202,2.661066,22,gps,Loxodonta africana,#1819147,99,Forest Elephant Telemetry Programme
12767700,TRUE,2000/12/25 3:01,16.573544,2.657209,20.5,gps,Loxodonta africana,#1819147,99,Forest Elephant Telemetry Programme
12767701,TRUE,2000/12/25 6:02,16.563063,2.68011,20,gps,Loxodonta africana,#1819147,99,Forest Elephant Telemetry Programme
12767702,TRUE,2000/12/25 18:01,16.573542,2.657157,24,gps,Loxodonta africana,#1819147,99,Forest Elephant Telemetry Programme
12767703,TRUE,2000/12/25 21:02,16.564516,2.660704,22.5,gps,Loxodonta africana,#1819147,99,Forest Elephant Telemetry Programme
12767704,TRUE,2000/12/26 0:02,16.563229,2.660122,22.5,gps,Loxodonta africana,#1819147,99,Forest Elephant Telemetry Programme
12767705,TRUE,2000/12/26 3:01,16.573509,2.657172,22,gps,Loxodonta africana,#1819147,99,Forest Elephant Telemetry Programme
12767706,TRUE,2000/12/26 18:03,16.586531,2.670113,22,gps,Loxodonta africana,#1819147,99,Forest Elephant Telemetry Programme
12767707,TRUE,2000/12/26 21:02,16.577269,2.658291,22,gps,Loxodonta africana,#1819147,99,Forest Elephant Telemetry Programme
12767708,TRUE,2000/12/27 0:01,16.573479,2.657233,21.5,gps,Loxodonta africana,#1819147,99,Forest Elephant Telemetry Programme
12767709,TRUE,2000/12/27 3:01,16.563205,2.664397,21.5,gps,Loxodonta africana,#1819147,99,Forest Elephant Telemetry Programme
12767710,TRUE,2000/12/27 6:02,16.562704,2.66495,22,gps,Loxodonta africana,#1819147,99,Forest Elephant Telemetry Programme
12767711,TRUE,2000/12/27 21:01,16.584688,2.647676,22.5,gps,Loxodonta africana,#1819147,99,Forest Elephant Telemetry Programme
12767712,TRUE,2000/12/28 0:01,16.602046,2.640372,22.5,gps,Loxodonta africana,#1819147,99,Forest Elephant Telemetry Programme
12767713,TRUE,2000/12/28 3:01,16.601545,2.639814,22,gps,Loxodonta africana,#1819147,99,Forest Elephant Telemetry Programme
12767714,TRUE,2000/12/28 9:02,16.603707,2.631206,22,gps,Loxodonta africana,#1819147,99,Forest Elephant Telemetry Programme
12767715,TRUE,2000/12/28 12:02,16.605752,2.630057,24.5,gps,Loxodonta africana,#1819147,99,Forest Elephant Telemetry Programme
12767716,TRUE,2000/12/28 21:01,16.573486,2.657211,20.5,gps,Loxodonta africana,#1819147,99,Forest Elephant Telemetry Programme
12767717,TRUE,2000/12/29 0:03,16.580113,2.671257,20,gps,Loxodonta africana,#1819147,99,Forest Elephant Telemetry Programme
12767718,TRUE,2000/12/29 3:03,16.584483,2.680128,20.5,gps,Loxodonta africana,#1819147,99,Forest Elephant Telemetry Programme
12767719,TRUE,2000/12/29 6:03,16.585469,2.680049,20.5,gps,Loxodonta africana,#1819147,99,Forest Elephant Telemetry Programme
12767720,TRUE,2000/12/29 9:03,16.591486,2.681269,20.5,gps,Loxodonta africana,#1819147,99,Forest Elephant Telemetry Programme
12767721,TRUE,2000/12/29 18:02,16.572878,2.654998,23.5,gps,Loxodonta africana,#1819147,99,Forest Elephant Telemetry Programme
12767722,TRUE,2000/12/29 21:01,16.573493,2.657239,22,gps,Loxodonta africana,#1819147,99,Forest Elephant Telemetry Programme
12767723,TRUE,2000/12/30 0:02,16.602363,2.641596,22,gps,Loxodonta africana,#1819147,99,Forest Elephant Telemetry Programme
12767724,TRUE,2000/12/30 3:02,16.606576,2.636821,21,gps,Loxodonta africana,#1819147,99,Forest Elephant Telemetry Programme
12767725,TRUE,2000/12/30 6:02,16.60713,2.634457,21,gps,Loxodonta africana,#1819147,99,Forest Elephant Telemetry Programme
12767726,TRUE,2000/12/30 9:03,16.619095,2.627876,22,gps,Loxodonta africana,#1819147,99,Forest Elephant Telemetry Programme
12767727,TRUE,2000/12/30 15:02,16.627339,2.6301,25,gps,Loxodonta africana,#1819147,99,Forest Elephant Telemetry Programme
12767728,TRUE,2000/12/30 18:02,16.628498,2.628593,24.5,gps,Loxodonta africana,#1819147,99,Forest Elephant Telemetry Programme
12767729,TRUE,2000/12/30 21:02,16.628984,2.628279,23,gps,Loxodonta africana,#1819147,99,Forest Elephant Telemetry Programme
12767730,TRUE,2000/12/31 0:01,16.628952,2.628342,21.5,gps,Loxodonta africana,#1819147,99,Forest Elephant Telemetry Programme
12767731,TRUE,2000/12/31 3:02,16.628004,2.628794,21.5,gps,Loxodonta africana,#1819147,99,Forest Elephant Telemetry Programme
12767732,TRUE,2000/12/31 6:01,16.628114,2.628864,20.5,gps,Loxodonta africana,#1819147,99,Forest Elephant Telemetry Programme
12767733,TRUE,2000/12/31 9:03,16.629218,2.620232,22,gps,Loxodonta africana,#1819147,99,Forest Elephant Telemetry Programme
12767734,TRUE,2000/12/31 12:02,16.626473,2.622313,25.5,gps,Loxodonta africana,#1819147,99,Forest Elephant Telemetry Programme
12767735,TRUE,2000/12/31 18:02,16.613337,2.641256,25,gps,Loxodonta africana,#1819147,99,Forest Elephant Telemetry Programme
12767736,TRUE,2000/12/31 21:01,16.573503,2.657235,23,gps,Loxodonta africana,#1819147,99,Forest Elephant Telemetry Programme
